id,first_name,last_name,email,project_code,projected_cost,budgeted,difference,approval,scheduled_meeting
1,Wainwright,Lamas,wlamas0@apple.com,PL-7016,3177119 PLN,3437584 PLN,260465 PLN,Approved,true
2,Trev,Hrishanok,thrishanok1@tiny.cc,PL-4110,4693298 PLN,3396221 PLN,-1297077 PLN,Pending,true
3,Hardy,Neely,hneely2@networksolutions.com,PL-6339,4484696 PLN,1781457 PLN,-2703239 PLN,Pending,true
4,Burty,Hechlin,bhechlin3@about.com,PL-3410,3068638 PLN,1774155 PLN,-1294483 PLN,Pending,false
5,Britni,Amesbury,bamesbury4@weibo.com,PL-7012,1488516 PLN,466416 PLN,-1022100 PLN,Pending,true
6,Delcine,Langfield,dlangfield5@psu.edu,PL-6074,3150656 PLN,3954453 PLN,803797 PLN,Approved,true
7,Stephen,Elener,selener6@latimes.com,PL-7756,2508829 PLN,43061 PLN,-2465768 PLN,Pending,true
8,Gibby,Bertot,gbertot7@census.gov,PL-5690,1344221 PLN,801935 PLN,-542286 PLN,Pending,true
9,Sylas,Antoni,santoni8@liveinternet.ru,PL-4236,4377070 PLN,1500544 PLN,-2876526 PLN,Pending,true
10,Mathe,Samper,msamper9@soup.io,PL-5499,1173685 PLN,3950524 PLN,2776839 PLN,Approved,false
11,Felisha,Stag,fstaga@house.gov,PL-8962,1358913 PLN,602837 PLN,-756076 PLN,Pending,false
12,Merralee,Gian,mgianb@netvibes.com,PL-7113,4918499 PLN,1989524 PLN,-2928975 PLN,Pending,false
13,Cacilia,Bothbie,cbothbiec@freewebs.com,PL-8370,4113472 PLN,1565686 PLN,-2547786 PLN,Pending,true
14,Francois,Bickerdike,fbickerdiked@ca.gov,PL-9800,1888363 PLN,1424162 PLN,-464201 PLN,Pending,true
15,Marylou,Wahlberg,mwahlberge@mozilla.org,PL-4565,1534267 PLN,81426 PLN,-1452841 PLN,Pending,false
16,Amberly,Giametti,agiamettif@slate.com,PL-9810,3182879 PLN,4249442 PLN,1066563 PLN,Approved,false
17,Gay,Giannotti,ggiannottig@wikipedia.org,PL-1189,3793956 PLN,1994686 PLN,-1799270 PLN,Pending,true
18,Grethel,Rosborough,grosboroughh@youtu.be,PL-7977,3720609 PLN,2275174 PLN,-1445435 PLN,Pending,false
19,Kenn,Piens,kpiensi@amazon.com,PL-7179,1929049 PLN,615078 PLN,-1313971 PLN,Pending,false
20,Ellerey,McIlherran,emcilherranj@rakuten.co.jp,PL-2599,1941840 PLN,2247592 PLN,305752 PLN,Approved,true
21,Ingamar,Absolon,iabsolonk@webmd.com,PL-4564,2502144 PLN,3333673 PLN,831529 PLN,Approved,false
22,Jemima,Wheelband,jwheelbandl@cyberchimps.com,PL-9897,4014367 PLN,2465566 PLN,-1548801 PLN,Pending,true
23,Fredek,Pfeffer,fpfefferm@skyrock.com,PL-3783,2603448 PLN,4244426 PLN,1640978 PLN,Approved,false
24,Tallulah,Habert,thabertn@cam.ac.uk,PL-9792,4156063 PLN,2477563 PLN,-1678500 PLN,Pending,true
25,Tedman,Ring,tringo@ovh.net,PL-8443,4450733 PLN,1400436 PLN,-3050297 PLN,Pending,true
26,Killy,Nuccii,knucciip@nhs.uk,PL-6206,4088027 PLN,1841367 PLN,-2246660 PLN,Pending,false
27,Alfy,Beaglehole,abeagleholeq@stumbleupon.com,PL-6400,455446 PLN,1116668 PLN,661222 PLN,Approved,false
28,Freddie,Karlowicz,fkarlowiczr@xrea.com,PL-2945,2197787 PLN,3145429 PLN,947642 PLN,Approved,true
29,Harman,Sirette,hsirettes@devhub.com,PL-3195,44902 PLN,2125940 PLN,2081038 PLN,Approved,false
30,Kerr,Sinney,ksinneyt@uol.com.br,PL-5572,4498643 PLN,3961362 PLN,-537281 PLN,Pending,true
31,Diannne,Raynard,draynardu@xrea.com,PL-2979,3288756 PLN,3439184 PLN,150428 PLN,Approved,true
32,Lee,Stearne,lstearnev@addtoany.com,PL-2352,683781 PLN,3973153 PLN,3289372 PLN,Approved,false
33,Agosto,Lievesley,alievesleyw@altervista.org,PL-3378,4201125 PLN,3715354 PLN,-485771 PLN,Pending,false
34,Arnie,Redihalgh,aredihalghx@google.it,PL-9410,174151 PLN,1338893 PLN,1164742 PLN,Approved,false
35,Abel,Wyldish,awyldishy@netvibes.com,PL-4189,2701139 PLN,3230913 PLN,529774 PLN,Approved,true
36,Jessalyn,Balshaw,jbalshawz@photobucket.com,PL-8423,143074 PLN,2005165 PLN,1862091 PLN,Approved,true
37,Arney,Montrose,amontrose10@tumblr.com,PL-5277,164078 PLN,50052 PLN,-114026 PLN,Pending,true
38,Federico,Frearson,ffrearson11@paypal.com,PL-3004,935281 PLN,4060534 PLN,3125253 PLN,Approved,true
39,Antoni,Warstall,awarstall12@irs.gov,PL-6613,4678303 PLN,34310 PLN,-4643993 PLN,Pending,true
40,Theodosia,Bremeyer,tbremeyer13@dagondesign.com,PL-8956,2361284 PLN,116658 PLN,-2244626 PLN,Pending,false
41,Bondy,Pendered,bpendered14@bravesites.com,PL-7650,3003567 PLN,1970871 PLN,-1032696 PLN,Pending,false
42,Claretta,Scogin,cscogin15@uiuc.edu,PL-9236,4499604 PLN,1521234 PLN,-2978370 PLN,Pending,true
43,Maud,Dissman,mdissman16@dell.com,PL-7438,3582322 PLN,2188590 PLN,-1393732 PLN,Pending,true
44,Clio,O'Downe,codowne17@pagesperso-orange.fr,PL-7335,4415071 PLN,569811 PLN,-3845260 PLN,Pending,false
45,Babbette,Karlqvist,bkarlqvist18@cloudflare.com,PL-8553,931444 PLN,276393 PLN,-655051 PLN,Pending,false
46,Keene,Howgill,khowgill19@princeton.edu,PL-5682,2825612 PLN,3701808 PLN,876196 PLN,Approved,false
47,Joye,Juggings,jjuggings1a@europa.eu,PL-8293,2882589 PLN,1065755 PLN,-1816834 PLN,Pending,false
48,Cecily,Jolliss,cjolliss1b@sciencedaily.com,PL-4768,1012077 PLN,3786868 PLN,2774791 PLN,Approved,true
49,Dru,Satteford,dsatteford1c@senate.gov,PL-9647,623310 PLN,425394 PLN,-197916 PLN,Pending,true
50,Vinni,Glasscoe,vglasscoe1d@meetup.com,PL-3753,1615092 PLN,728017 PLN,-887075 PLN,Pending,false
51,Emmery,Pindell,epindell1e@amazon.co.jp,PL-8108,4074774 PLN,2382693 PLN,-1692081 PLN,Pending,false
52,Selle,Arnolds,sarnolds1f@ehow.com,PL-9238,3329948 PLN,3698234 PLN,368286 PLN,Approved,true
53,Giulio,Toman,gtoman1g@cmu.edu,PL-2456,3156025 PLN,2801610 PLN,-354415 PLN,Pending,true
54,Dominica,St. John,dstjohn1h@google.com.br,PL-8347,76568 PLN,4185849 PLN,4109281 PLN,Approved,true
55,Arnold,Weber,aweber1i@yahoo.com,PL-7632,1436471 PLN,3718451 PLN,2281980 PLN,Approved,false
56,Mame,Kahane,mkahane1j@mtv.com,PL-2768,4288625 PLN,2123598 PLN,-2165027 PLN,Pending,true
57,Haskel,Wenham,hwenham1k@paginegialle.it,PL-3299,709241 PLN,3094545 PLN,2385304 PLN,Approved,true
58,Kermie,Brickdale,kbrickdale1l@blogger.com,PL-7576,2126947 PLN,1780317 PLN,-346630 PLN,Pending,true
59,Rubin,Peery,rpeery1m@dell.com,PL-8153,2587017 PLN,1596515 PLN,-990502 PLN,Pending,false
60,Konrad,Jarvis,kjarvis1n@artisteer.com,PL-7083,4704421 PLN,2418143 PLN,-2286278 PLN,Pending,false
61,Rich,Purple,rpurple1o@rambler.ru,PL-9986,1166194 PLN,1007921 PLN,-158273 PLN,Pending,false
62,Faulkner,Margerrison,fmargerrison1p@pinterest.com,PL-7839,4582164 PLN,3293850 PLN,-1288314 PLN,Pending,false
63,Miguela,Kyncl,mkyncl1q@redcross.org,PL-8801,2706419 PLN,2953206 PLN,246787 PLN,Approved,false
64,Eamon,Ranald,eranald1r@wired.com,PL-3175,3632114 PLN,3904139 PLN,272025 PLN,Approved,false
65,Marlon,Caygill,mcaygill1s@networkadvertising.org,PL-3450,2106661 PLN,1788356 PLN,-318305 PLN,Pending,false
66,Stacy,Struan,sstruan1t@state.tx.us,PL-8177,1148280 PLN,1749864 PLN,601584 PLN,Approved,true
67,Adrien,Wagen,awagen1u@kickstarter.com,PL-2702,3811170 PLN,3394459 PLN,-416711 PLN,Pending,false
68,Gorden,Gambie,ggambie1v@deliciousdays.com,PL-7956,4927490 PLN,1265108 PLN,-3662382 PLN,Pending,true
69,Daveta,Barenskie,dbarenskie1w@biglobe.ne.jp,PL-2836,4550449 PLN,4344563 PLN,-205886 PLN,Pending,true
70,Kienan,Langthorne,klangthorne1x@utexas.edu,PL-2624,1245777 PLN,1730111 PLN,484334 PLN,Approved,true
71,Pete,Rideout,prideout1y@guardian.co.uk,PL-4681,3656423 PLN,2441437 PLN,-1214986 PLN,Pending,true
72,Blanch,Dunklee,bdunklee1z@xing.com,PL-1373,2855977 PLN,322348 PLN,-2533629 PLN,Pending,true
73,Artur,Fogarty,afogarty20@techcrunch.com,PL-8806,2223041 PLN,814921 PLN,-1408120 PLN,Pending,false
74,Cornelius,Larwood,clarwood21@ifeng.com,PL-3319,375389 PLN,1268238 PLN,892849 PLN,Approved,true
75,Stuart,Skeldinge,sskeldinge22@china.com.cn,PL-5430,3162543 PLN,851312 PLN,-2311231 PLN,Pending,true
76,Reider,Sowle,rsowle23@dailymail.co.uk,PL-8934,3868594 PLN,1062828 PLN,-2805766 PLN,Pending,false
77,Bondie,Backshaw,bbackshaw24@gravatar.com,PL-1616,526977 PLN,595300 PLN,68323 PLN,Approved,false
78,Mandie,Pearmine,mpearmine25@jalbum.net,PL-3766,2998482 PLN,1735173 PLN,-1263309 PLN,Pending,false
79,Ranique,Llewhellin,rllewhellin26@i2i.jp,PL-8879,527959 PLN,1784638 PLN,1256679 PLN,Approved,true
80,Barth,Jefferies,bjefferies27@is.gd,PL-1884,2700335 PLN,2074627 PLN,-625708 PLN,Pending,false
81,Amos,Evered,aevered28@reverbnation.com,PL-9157,4113163 PLN,2720185 PLN,-1392978 PLN,Pending,false
82,Ashleigh,Kidgell,akidgell29@pbs.org,PL-8204,4942625 PLN,3129462 PLN,-1813163 PLN,Pending,false
83,Tynan,Menis,tmenis2a@java.com,PL-3832,1304424 PLN,333844 PLN,-970580 PLN,Pending,true
84,Adrian,McLeary,amcleary2b@example.com,PL-6130,1561885 PLN,3776193 PLN,2214308 PLN,Approved,true
85,Gilberte,Leethem,gleethem2c@homestead.com,PL-6784,2811382 PLN,758963 PLN,-2052419 PLN,Pending,false
86,Emmi,Haggeth,ehaggeth2d@ow.ly,PL-9141,4244993 PLN,1845985 PLN,-2399008 PLN,Pending,true
87,Port,Parsonage,pparsonage2e@vk.com,PL-2794,1134722 PLN,927087 PLN,-207635 PLN,Pending,true
88,Merry,Crowd,mcrowd2f@discovery.com,PL-6472,4064211 PLN,725158 PLN,-3339053 PLN,Pending,true
89,L;urette,Stapylton,lstapylton2g@purevolume.com,PL-6672,4155431 PLN,1580046 PLN,-2575385 PLN,Pending,false
90,Aland,Tomaskunas,atomaskunas2h@ca.gov,PL-7085,2756788 PLN,3300103 PLN,543315 PLN,Approved,true
91,Johna,Ladbrook,jladbrook2i@tripod.com,PL-3331,63592 PLN,1636529 PLN,1572937 PLN,Approved,false
92,Raleigh,Tribble,rtribble2j@goo.ne.jp,PL-4435,1223347 PLN,2016727 PLN,793380 PLN,Approved,false
93,Clement,Eskrigge,ceskrigge2k@domainmarket.com,PL-7452,394129 PLN,3999282 PLN,3605153 PLN,Approved,true
94,Jonis,Beach,jbeach2l@examiner.com,PL-9216,1566036 PLN,1837071 PLN,271035 PLN,Approved,false
95,Florri,Figin,ffigin2m@census.gov,PL-2297,4814662 PLN,2383423 PLN,-2431239 PLN,Pending,false
96,Marshal,Vanlint,mvanlint2n@umich.edu,PL-7393,1481379 PLN,4398929 PLN,2917550 PLN,Approved,false
97,Dasya,Grayland,dgrayland2o@twitpic.com,PL-9867,3943902 PLN,3370524 PLN,-573378 PLN,Pending,false
98,Merilyn,Brettelle,mbrettelle2p@toplist.cz,PL-3082,925271 PLN,799964 PLN,-125307 PLN,Pending,true
99,Pegeen,Crockatt,pcrockatt2q@flickr.com,PL-8834,1115267 PLN,1161970 PLN,46703 PLN,Approved,false
100,Rutledge,Kiddy,rkiddy2r@ucsd.edu,PL-4996,587129 PLN,1919136 PLN,1332007 PLN,Approved,false
101,Kimmie,Skill,kskill2s@fastcompany.com,PL-7063,2808725 PLN,1391531 PLN,-1417194 PLN,Pending,true
102,Rayna,Abrahams,rabrahams2t@arstechnica.com,PL-9206,4899211 PLN,3497095 PLN,-1402116 PLN,Pending,true
103,Delly,Matuszkiewicz,dmatuszkiewicz2u@nih.gov,PL-9587,3342489 PLN,670604 PLN,-2671885 PLN,Pending,true
104,Lebbie,Trenear,ltrenear2v@mysql.com,PL-6266,2142112 PLN,1503911 PLN,-638201 PLN,Pending,true
105,Malva,Flintoff,mflintoff2w@artisteer.com,PL-4683,2820172 PLN,1433924 PLN,-1386248 PLN,Pending,true
106,Hymie,Sapauton,hsapauton2x@vinaora.com,PL-5140,4115895 PLN,4280656 PLN,164761 PLN,Approved,false
107,Quincy,Campkin,qcampkin2y@narod.ru,PL-1024,295022 PLN,2726507 PLN,2431485 PLN,Approved,true
108,Rubi,Tine,rtine2z@abc.net.au,PL-7663,265097 PLN,1455454 PLN,1190357 PLN,Approved,true
109,Jareb,Dufton,jdufton30@dyndns.org,PL-2385,2960340 PLN,3653041 PLN,692701 PLN,Approved,false
110,Bridget,Franken,bfranken31@webs.com,PL-1323,1988366 PLN,2201211 PLN,212845 PLN,Approved,true
111,Candis,Justham,cjustham32@cnn.com,PL-9171,3908013 PLN,907268 PLN,-3000745 PLN,Pending,false
112,Willabella,Henstridge,whenstridge33@altervista.org,PL-7246,1013904 PLN,1053578 PLN,39674 PLN,Approved,false
113,Susette,Claibourn,sclaibourn34@posterous.com,PL-6109,4929465 PLN,1558516 PLN,-3370949 PLN,Pending,true
114,Allie,Evemy,aevemy35@woothemes.com,PL-8529,2162853 PLN,2334132 PLN,171279 PLN,Approved,true
115,Cecilia,Huxham,chuxham36@aboutads.info,PL-7715,4408049 PLN,3927595 PLN,-480454 PLN,Pending,true
116,Lizbeth,Calender,lcalender37@sina.com.cn,PL-4098,4439956 PLN,4289193 PLN,-150763 PLN,Pending,true
117,Mahalia,Absolom,mabsolom38@nbcnews.com,PL-7850,3989184 PLN,2197979 PLN,-1791205 PLN,Pending,true
118,Christean,Orsi,corsi39@mashable.com,PL-2391,2569916 PLN,248503 PLN,-2321413 PLN,Pending,true
119,Kenyon,Berre,kberre3a@youtu.be,PL-8173,1820408 PLN,2663413 PLN,843005 PLN,Approved,true
120,Janice,Challicombe,jchallicombe3b@phpbb.com,PL-1637,4583123 PLN,3319473 PLN,-1263650 PLN,Pending,true
121,Jehanna,Powlett,jpowlett3c@arstechnica.com,PL-9245,684363 PLN,2487833 PLN,1803470 PLN,Approved,true
122,Lalo,Philippsohn,lphilippsohn3d@si.edu,PL-1365,4872956 PLN,1454395 PLN,-3418561 PLN,Pending,true
123,Pandora,Dennant,pdennant3e@sbwire.com,PL-8135,3781394 PLN,81052 PLN,-3700342 PLN,Pending,false
124,Isis,McConville,imcconville3f@storify.com,PL-8053,4406908 PLN,598675 PLN,-3808233 PLN,Pending,false
125,Monroe,Osipenko,mosipenko3g@last.fm,PL-3344,727941 PLN,2213157 PLN,1485216 PLN,Approved,false
126,Herschel,Hateley,hhateley3h@buzzfeed.com,PL-6905,3746397 PLN,2552375 PLN,-1194022 PLN,Pending,false
127,Vere,Byars,vbyars3i@reddit.com,PL-2861,3325339 PLN,1945073 PLN,-1380266 PLN,Pending,true
128,Lesly,Phettis,lphettis3j@rediff.com,PL-4596,3156265 PLN,2217930 PLN,-938335 PLN,Pending,true
129,Traci,Fairlie,tfairlie3k@goo.ne.jp,PL-2038,931603 PLN,4013125 PLN,3081522 PLN,Approved,false
130,Vin,McRae,vmcrae3l@deliciousdays.com,PL-9333,1118432 PLN,4404145 PLN,3285713 PLN,Approved,false
131,Lammond,Zanutti,lzanutti3m@blogtalkradio.com,PL-7657,3754519 PLN,2935426 PLN,-819093 PLN,Pending,false
132,Oneida,Halfhead,ohalfhead3n@phoca.cz,PL-9747,3492399 PLN,2265675 PLN,-1226724 PLN,Pending,false
133,Helli,Petrollo,hpetrollo3o@com.com,PL-2866,605807 PLN,3974890 PLN,3369083 PLN,Approved,true
134,Worden,Ropartz,wropartz3p@webeden.co.uk,PL-9934,3470265 PLN,203608 PLN,-3266657 PLN,Pending,false
135,Cash,Cregeen,ccregeen3q@unicef.org,PL-8524,4132266 PLN,2166485 PLN,-1965781 PLN,Pending,false
136,Whitney,Lavigne,wlavigne3r@spotify.com,PL-3824,2243267 PLN,241618 PLN,-2001649 PLN,Pending,true
137,Ludwig,Retchford,lretchford3s@ihg.com,PL-6122,115270 PLN,3919636 PLN,3804366 PLN,Approved,false
138,Wylie,Hurdis,whurdis3t@geocities.com,PL-3019,2792384 PLN,4026770 PLN,1234386 PLN,Approved,false
139,Cammy,Harold,charold3u@facebook.com,PL-7941,3583503 PLN,560029 PLN,-3023474 PLN,Pending,true
140,Tony,Bolzmann,tbolzmann3v@amazon.com,PL-1758,1240584 PLN,4136078 PLN,2895494 PLN,Approved,false
141,Olivier,Tejada,otejada3w@gnu.org,PL-9454,4574772 PLN,1604325 PLN,-2970447 PLN,Pending,false
142,Bibbie,Holligan,bholligan3x@nytimes.com,PL-2632,773521 PLN,3142092 PLN,2368571 PLN,Approved,true
143,Dmitri,Twinborough,dtwinborough3y@netvibes.com,PL-5356,748970 PLN,2361910 PLN,1612940 PLN,Approved,false
144,Raul,Brea,rbrea3z@nps.gov,PL-8532,1732507 PLN,1964039 PLN,231532 PLN,Approved,false
145,Carmine,Hazeldene,chazeldene40@reverbnation.com,PL-7432,4776928 PLN,2438557 PLN,-2338371 PLN,Pending,true
146,Lib,Oger,loger41@japanpost.jp,PL-5721,1813570 PLN,2576559 PLN,762989 PLN,Approved,false
147,Sharai,Strainge,sstrainge42@edublogs.org,PL-7299,398814 PLN,3525653 PLN,3126839 PLN,Approved,true
148,Alena,Pryell,apryell43@harvard.edu,PL-8618,1344574 PLN,2087685 PLN,743111 PLN,Approved,false
149,Agace,Ouchterlony,aouchterlony44@rakuten.co.jp,PL-9883,2776219 PLN,3850124 PLN,1073905 PLN,Approved,false
150,Gerhardt,Jonin,gjonin45@dailymotion.com,PL-2127,2612680 PLN,3620626 PLN,1007946 PLN,Approved,false
151,Averil,Fleury,afleury46@fc2.com,PL-8124,1779512 PLN,3333231 PLN,1553719 PLN,Approved,false
152,Mandy,Danaher,mdanaher47@a8.net,PL-2689,3515225 PLN,4086494 PLN,571269 PLN,Approved,false
153,Jerry,Divver,jdivver48@examiner.com,PL-8668,3134837 PLN,4346881 PLN,1212044 PLN,Approved,true
154,Elisa,Gloy,egloy49@state.gov,PL-2322,2814604 PLN,1595093 PLN,-1219511 PLN,Pending,true
155,Der,Venny,dvenny4a@mayoclinic.com,PL-9357,4335422 PLN,284434 PLN,-4050988 PLN,Pending,false
156,Eadith,Moen,emoen4b@businesswire.com,PL-3548,2985957 PLN,2249868 PLN,-736089 PLN,Pending,false
157,Laverne,McTavy,lmctavy4c@rediff.com,PL-7235,1571483 PLN,2849065 PLN,1277582 PLN,Approved,true
158,Jerald,Jeacock,jjeacock4d@pcworld.com,PL-8535,3083211 PLN,130158 PLN,-2953053 PLN,Pending,true
159,Beryle,Eddison,beddison4e@xing.com,PL-4656,4487435 PLN,1913392 PLN,-2574043 PLN,Pending,false
160,Etti,Mullaly,emullaly4f@hao123.com,PL-7379,2861507 PLN,2414408 PLN,-447099 PLN,Pending,true
161,Rafaello,Commusso,rcommusso4g@w3.org,PL-6454,3153023 PLN,484359 PLN,-2668664 PLN,Pending,true
162,Alica,Whittington,awhittington4h@aol.com,PL-6901,4393358 PLN,2576674 PLN,-1816684 PLN,Pending,true
163,Amaleta,Bratchell,abratchell4i@abc.net.au,PL-9525,4159186 PLN,2850120 PLN,-1309066 PLN,Pending,false
164,Brietta,Melendez,bmelendez4j@creativecommons.org,PL-6338,3245153 PLN,1348244 PLN,-1896909 PLN,Pending,false
165,Nancie,Fawcus,nfawcus4k@about.com,PL-8853,3085679 PLN,3550942 PLN,465263 PLN,Approved,false
166,Ajay,Tollmache,atollmache4l@vistaprint.com,PL-1757,2559278 PLN,3997636 PLN,1438358 PLN,Approved,false
167,Nessi,McNair,nmcnair4m@ibm.com,PL-2440,2665463 PLN,4312456 PLN,1646993 PLN,Approved,true
168,Kliment,Brandenburg,kbrandenburg4n@joomla.org,PL-9806,1259111 PLN,2067091 PLN,807980 PLN,Approved,true
169,Clari,De La Haye,cdelahaye4o@cam.ac.uk,PL-4143,2132265 PLN,1150810 PLN,-981455 PLN,Pending,true
170,Sadye,Corner,scorner4p@jigsy.com,PL-5669,947220 PLN,2700538 PLN,1753318 PLN,Approved,true
171,Devonne,Longhirst,dlonghirst4q@mozilla.com,PL-8016,1811413 PLN,997390 PLN,-814023 PLN,Pending,true
172,York,Losebie,ylosebie4r@example.com,PL-8547,769861 PLN,877915 PLN,108054 PLN,Approved,true
173,Thomasine,Levett,tlevett4s@hc360.com,PL-1945,2000536 PLN,2749192 PLN,748656 PLN,Approved,true
174,Sofie,Cops,scops4t@businesswire.com,PL-8291,4471563 PLN,1945769 PLN,-2525794 PLN,Pending,false
175,Renate,Kopfen,rkopfen4u@booking.com,PL-3362,2801261 PLN,3927646 PLN,1126385 PLN,Approved,false
176,Annalee,Idenden,aidenden4v@vk.com,PL-8702,4415093 PLN,4334286 PLN,-80807 PLN,Pending,false
177,Allyn,Glassford,aglassford4w@blinklist.com,PL-6243,3901522 PLN,640824 PLN,-3260698 PLN,Pending,false
178,Wilfrid,Tallet,wtallet4x@miitbeian.gov.cn,PL-6322,2464644 PLN,34686 PLN,-2429958 PLN,Pending,false
179,Guilbert,Youde,gyoude4y@devhub.com,PL-1285,854176 PLN,1189582 PLN,335406 PLN,Approved,false
180,Timmy,Coggill,tcoggill4z@shareasale.com,PL-7579,2055732 PLN,2859734 PLN,804002 PLN,Approved,false
181,Tiffy,Aps,taps50@youtube.com,PL-7175,4323103 PLN,447558 PLN,-3875545 PLN,Pending,false
182,Ali,Ivanishin,aivanishin51@wikispaces.com,PL-1241,2534004 PLN,1603244 PLN,-930760 PLN,Pending,false
183,Jobie,Garn,jgarn52@cam.ac.uk,PL-2800,276947 PLN,1217746 PLN,940799 PLN,Approved,true
184,Samantha,Bryde,sbryde53@un.org,PL-2826,261256 PLN,1486202 PLN,1224946 PLN,Approved,true
185,Marven,Ajean,majean54@samsung.com,PL-9122,592189 PLN,378468 PLN,-213721 PLN,Pending,false
186,Oralee,Haldin,ohaldin55@nps.gov,PL-6486,891014 PLN,1458629 PLN,567615 PLN,Approved,false
187,Christophe,Huegett,chuegett56@ameblo.jp,PL-4539,867163 PLN,2941230 PLN,2074067 PLN,Approved,true
188,Ernesta,Klauer,eklauer57@odnoklassniki.ru,PL-4728,1107839 PLN,3907358 PLN,2799519 PLN,Approved,true
189,Wenda,Brantl,wbrantl58@theguardian.com,PL-2509,697711 PLN,4168404 PLN,3470693 PLN,Approved,false
190,Joel,Rollett,jrollett59@ask.com,PL-7830,3449882 PLN,2964132 PLN,-485750 PLN,Pending,false
191,Barri,Andryszczak,bandryszczak5a@seesaa.net,PL-3138,2285443 PLN,1012005 PLN,-1273438 PLN,Pending,false
192,Gerianne,Battany,gbattany5b@miitbeian.gov.cn,PL-4715,945547 PLN,555216 PLN,-390331 PLN,Pending,true
193,Juline,Tejero,jtejero5c@utexas.edu,PL-1238,861424 PLN,600497 PLN,-260927 PLN,Pending,false
194,Free,Drieu,fdrieu5d@cam.ac.uk,PL-8292,2082405 PLN,1180808 PLN,-901597 PLN,Pending,false
195,Josee,Stroobant,jstroobant5e@themeforest.net,PL-1772,350450 PLN,1792356 PLN,1441906 PLN,Approved,true
196,Melvyn,Povall,mpovall5f@surveymonkey.com,PL-1141,4471674 PLN,3687426 PLN,-784248 PLN,Pending,true
197,Alexandro,Vasilmanov,avasilmanov5g@ask.com,PL-3928,4266298 PLN,2231014 PLN,-2035284 PLN,Pending,true
198,Mariya,Redhole,mredhole5h@hp.com,PL-7510,4883245 PLN,3294720 PLN,-1588525 PLN,Pending,false
199,Kelli,Peckitt,kpeckitt5i@infoseek.co.jp,PL-2875,644891 PLN,1611718 PLN,966827 PLN,Approved,false
200,Emery,Burgess,eburgess5j@phpbb.com,PL-1469,1096296 PLN,2813874 PLN,1717578 PLN,Approved,false
201,Ingamar,Maycey,imaycey5k@tamu.edu,PL-3030,3799507 PLN,3891781 PLN,92274 PLN,Approved,false
202,Sanders,Simonett,ssimonett5l@latimes.com,PL-4759,526641 PLN,1746858 PLN,1220217 PLN,Approved,false
203,Anselm,Kubu,akubu5m@weather.com,PL-1336,4937301 PLN,2510346 PLN,-2426955 PLN,Pending,true
204,Briny,Crosetto,bcrosetto5n@hud.gov,PL-2726,4444387 PLN,2184778 PLN,-2259609 PLN,Pending,false
205,Cello,Chapleo,cchapleo5o@merriam-webster.com,PL-8950,3939175 PLN,3653736 PLN,-285439 PLN,Pending,true
206,Sephira,Theaker,stheaker5p@google.ru,PL-7479,186778 PLN,1569496 PLN,1382718 PLN,Approved,false
207,Wildon,Blunt,wblunt5q@simplemachines.org,PL-2345,2666114 PLN,616122 PLN,-2049992 PLN,Pending,false
208,Yolande,Overpool,yoverpool5r@foxnews.com,PL-4841,4941633 PLN,2307230 PLN,-2634403 PLN,Pending,false
209,Ashlin,McGlaughn,amcglaughn5s@gizmodo.com,PL-7744,3279433 PLN,2768457 PLN,-510976 PLN,Pending,true
210,Jenifer,Kulvear,jkulvear5t@gravatar.com,PL-5483,2915997 PLN,4003705 PLN,1087708 PLN,Approved,false
211,Rozalie,Gofforth,rgofforth5u@clickbank.net,PL-1603,1103205 PLN,592474 PLN,-510731 PLN,Pending,false
212,Tristan,Ojeda,tojeda5v@so-net.ne.jp,PL-3974,4540084 PLN,2556463 PLN,-1983621 PLN,Pending,true
213,Amanda,Franssen,afranssen5w@dell.com,PL-2874,2405915 PLN,2828881 PLN,422966 PLN,Approved,true
214,Torrance,Riha,triha5x@theatlantic.com,PL-2612,4387275 PLN,2913395 PLN,-1473880 PLN,Pending,false
215,Lin,Osmond,losmond5y@timesonline.co.uk,PL-1986,441260 PLN,2454685 PLN,2013425 PLN,Approved,true
216,Gratiana,Prewett,gprewett5z@latimes.com,PL-7142,75809 PLN,663404 PLN,587595 PLN,Approved,false
217,Ivie,Croix,icroix60@ed.gov,PL-5723,1419389 PLN,4487493 PLN,3068104 PLN,Approved,false
218,Leola,Chalfont,lchalfont61@who.int,PL-5945,3065081 PLN,851811 PLN,-2213270 PLN,Pending,false
219,Di,Bardell,dbardell62@slashdot.org,PL-3561,4181744 PLN,4293164 PLN,111420 PLN,Approved,false
220,Sandy,O'Daly,sodaly63@theatlantic.com,PL-8859,3170499 PLN,1579788 PLN,-1590711 PLN,Pending,true
221,Hernando,Sicha,hsicha64@netscape.com,PL-1351,4174300 PLN,3823151 PLN,-351149 PLN,Pending,true
222,Gabey,Theodoris,gtheodoris65@icio.us,PL-6547,1876614 PLN,2528760 PLN,652146 PLN,Approved,false
223,Byrann,Wilcock,bwilcock66@mit.edu,PL-3243,4704797 PLN,2786481 PLN,-1918316 PLN,Pending,true
224,Thain,Stanford,tstanford67@mashable.com,PL-9874,4295285 PLN,1559405 PLN,-2735880 PLN,Pending,true
225,Corilla,Gossage,cgossage68@comcast.net,PL-4949,2144448 PLN,2756034 PLN,611586 PLN,Approved,true
226,Stephana,Veitch,sveitch69@furl.net,PL-5690,2270160 PLN,146526 PLN,-2123634 PLN,Pending,false
227,Cesar,Foster-Smith,cfostersmith6a@time.com,PL-8243,948833 PLN,4046082 PLN,3097249 PLN,Approved,false
228,Odessa,Bryers,obryers6b@theatlantic.com,PL-1895,49590 PLN,2957408 PLN,2907818 PLN,Approved,true
229,Alexandra,Kerfod,akerfod6c@vistaprint.com,PL-6455,2250550 PLN,1334246 PLN,-916304 PLN,Pending,true
230,Phineas,Grahl,pgrahl6d@arizona.edu,PL-9314,2749153 PLN,2505354 PLN,-243799 PLN,Pending,true
231,Collete,Janodet,cjanodet6e@alexa.com,PL-8607,2741506 PLN,2990684 PLN,249178 PLN,Approved,true
232,Jennica,Menham,jmenham6f@who.int,PL-3885,4831525 PLN,286667 PLN,-4544858 PLN,Pending,false
233,Teodora,Wilden,twilden6g@google.nl,PL-4694,2259873 PLN,3947440 PLN,1687567 PLN,Approved,true
234,Kailey,Tibbetts,ktibbetts6h@digg.com,PL-9739,4819405 PLN,1206885 PLN,-3612520 PLN,Pending,true
235,Linnet,Pigeon,lpigeon6i@google.es,PL-6035,2003841 PLN,3264597 PLN,1260756 PLN,Approved,true
236,Uriel,Vanyatin,uvanyatin6j@ucla.edu,PL-5379,1789062 PLN,1978160 PLN,189098 PLN,Approved,true
237,Koenraad,De Pero,kdepero6k@rediff.com,PL-3035,3451456 PLN,3565333 PLN,113877 PLN,Approved,false
238,Jaquelin,Jatczak,jjatczak6l@marketwatch.com,PL-7399,485004 PLN,4085975 PLN,3600971 PLN,Approved,true
239,Lebbie,Djordjevic,ldjordjevic6m@msu.edu,PL-6793,4436633 PLN,473566 PLN,-3963067 PLN,Pending,true
240,Marie,Hebblethwaite,mhebblethwaite6n@blogger.com,PL-9106,2438660 PLN,2309883 PLN,-128777 PLN,Pending,false
241,Jourdan,Froom,jfroom6o@nature.com,PL-4049,1020781 PLN,1215742 PLN,194961 PLN,Approved,false
242,Germayne,Biasio,gbiasio6p@pcworld.com,PL-6640,4291366 PLN,4016771 PLN,-274595 PLN,Pending,true
243,Jemimah,Meace,jmeace6q@mtv.com,PL-5349,1949953 PLN,1162351 PLN,-787602 PLN,Pending,false
244,Sander,Darben,sdarben6r@shinystat.com,PL-6648,2745052 PLN,825909 PLN,-1919143 PLN,Pending,false
245,Haily,Reary,hreary6s@hubpages.com,PL-3973,3348416 PLN,661733 PLN,-2686683 PLN,Pending,false
246,Briney,Tytherton,btytherton6t@aol.com,PL-3672,4474629 PLN,1832972 PLN,-2641657 PLN,Pending,false
247,Eberhard,Antecki,eantecki6u@jugem.jp,PL-6310,771641 PLN,4040995 PLN,3269354 PLN,Approved,false
248,Auria,Bausmann,abausmann6v@sun.com,PL-9097,2902740 PLN,3032726 PLN,129986 PLN,Approved,false
249,Hyacintha,Beddoe,hbeddoe6w@google.co.jp,PL-2197,3423492 PLN,3405257 PLN,-18235 PLN,Pending,false
250,Ginni,Greenrod,ggreenrod6x@gravatar.com,PL-8035,2205900 PLN,2558852 PLN,352952 PLN,Approved,false
251,Rustie,Gosneye,rgosneye6y@mtv.com,PL-7092,2789115 PLN,1974391 PLN,-814724 PLN,Pending,false
252,Francine,Spittall,fspittall6z@bandcamp.com,PL-2514,3713422 PLN,1452175 PLN,-2261247 PLN,Pending,false
253,Lauralee,Wilacot,lwilacot70@answers.com,PL-3664,1142986 PLN,808837 PLN,-334149 PLN,Pending,true
254,Joleen,Shayler,jshayler71@salon.com,PL-7042,3259432 PLN,2870565 PLN,-388867 PLN,Pending,true
255,Clyde,Bowlas,cbowlas72@livejournal.com,PL-5221,1671968 PLN,630542 PLN,-1041426 PLN,Pending,true
256,Justino,Deakins,jdeakins73@example.com,PL-8895,3827208 PLN,3569263 PLN,-257945 PLN,Pending,true
257,Cornell,Billam,cbillam74@technorati.com,PL-6484,3710569 PLN,661443 PLN,-3049126 PLN,Pending,true
258,Chryste,Needham,cneedham75@nhs.uk,PL-2303,1635762 PLN,650070 PLN,-985692 PLN,Pending,true
259,Lonnie,Fairley,lfairley76@hubpages.com,PL-6104,2857338 PLN,2939405 PLN,82067 PLN,Approved,true
260,Patin,Van Oord,pvanoord77@google.it,PL-1543,4355312 PLN,1612229 PLN,-2743083 PLN,Pending,false
261,Ferdy,Almond,falmond78@dion.ne.jp,PL-4900,2789802 PLN,1216120 PLN,-1573682 PLN,Pending,false
262,Eddy,MacCrann,emaccrann79@wikipedia.org,PL-8146,2383787 PLN,2856698 PLN,472911 PLN,Approved,false
263,Tabina,Smolan,tsmolan7a@flickr.com,PL-6439,4280395 PLN,1646792 PLN,-2633603 PLN,Pending,false
264,Fabe,Zylberdik,fzylberdik7b@sina.com.cn,PL-5812,589418 PLN,1389394 PLN,799976 PLN,Approved,true
265,Lin,Ricciardiello,lricciardiello7c@examiner.com,PL-4617,448695 PLN,2210097 PLN,1761402 PLN,Approved,true
266,Eloise,Sydall,esydall7d@admin.ch,PL-7052,4634628 PLN,306356 PLN,-4328272 PLN,Pending,true
267,Lorinda,Ditt,lditt7e@cam.ac.uk,PL-1591,3966214 PLN,1546637 PLN,-2419577 PLN,Pending,true
268,Bud,Vyel,bvyel7f@webmd.com,PL-9469,4083820 PLN,3332409 PLN,-751411 PLN,Pending,true
269,Millie,Swallwell,mswallwell7g@scribd.com,PL-7007,3636496 PLN,737189 PLN,-2899307 PLN,Pending,false
270,Lydon,Stive,lstive7h@furl.net,PL-5222,1683269 PLN,2237407 PLN,554138 PLN,Approved,false
271,Albie,Dimsdale,adimsdale7i@nps.gov,PL-5470,857842 PLN,776335 PLN,-81507 PLN,Pending,false
272,Davon,McDuffy,dmcduffy7j@is.gd,PL-5070,4329565 PLN,1949475 PLN,-2380090 PLN,Pending,false
273,Tyne,Chason,tchason7k@weather.com,PL-9083,2231046 PLN,2026949 PLN,-204097 PLN,Pending,false
274,Ivor,Wooster,iwooster7l@plala.or.jp,PL-2903,298004 PLN,2917598 PLN,2619594 PLN,Approved,false
275,Merrielle,Varns,mvarns7m@cyberchimps.com,PL-4062,4331007 PLN,3954459 PLN,-376548 PLN,Pending,false
276,Shep,Gerrets,sgerrets7n@rakuten.co.jp,PL-1760,2886401 PLN,1930529 PLN,-955872 PLN,Pending,true
277,Kym,Wink,kwink7o@mashable.com,PL-3637,3305585 PLN,2462895 PLN,-842690 PLN,Pending,false
278,Annette,Fairest,afairest7p@cpanel.net,PL-9946,4120341 PLN,2383295 PLN,-1737046 PLN,Pending,true
279,Maura,Gonthard,mgonthard7q@biblegateway.com,PL-8853,4349177 PLN,3170241 PLN,-1178936 PLN,Pending,true
280,Brigida,Panks,bpanks7r@rediff.com,PL-7407,1218881 PLN,4103685 PLN,2884804 PLN,Approved,false
281,Cayla,Kegg,ckegg7s@scientificamerican.com,PL-7266,446306 PLN,1417641 PLN,971335 PLN,Approved,true
282,Bennie,Glaisner,bglaisner7t@thetimes.co.uk,PL-6660,4392174 PLN,3897608 PLN,-494566 PLN,Pending,true
283,Gerome,Pepye,gpepye7u@de.vu,PL-9466,329863 PLN,2693638 PLN,2363775 PLN,Approved,true
284,Rodrigo,Stratley,rstratley7v@weibo.com,PL-6302,3419053 PLN,714361 PLN,-2704692 PLN,Pending,false
285,Arly,Bilbee,abilbee7w@dell.com,PL-9594,203527 PLN,3447305 PLN,3243778 PLN,Approved,false
286,Worthington,Bracher,wbracher7x@booking.com,PL-5328,1989207 PLN,3479407 PLN,1490200 PLN,Approved,true
287,Rickert,Cleal,rcleal7y@nydailynews.com,PL-5505,2758232 PLN,3119629 PLN,361397 PLN,Approved,true
288,Leeland,Dank,ldank7z@google.com.au,PL-9352,3753270 PLN,3181822 PLN,-571448 PLN,Pending,false
289,Vevay,Ducarne,vducarne80@slashdot.org,PL-8170,2209719 PLN,1738861 PLN,-470858 PLN,Pending,true
290,Max,Sexstone,msexstone81@addtoany.com,PL-2865,2814910 PLN,4092813 PLN,1277903 PLN,Approved,false
291,Nevil,Dangerfield,ndangerfield82@ca.gov,PL-2800,549388 PLN,2135706 PLN,1586318 PLN,Approved,true
292,Ingamar,Buglar,ibuglar83@nba.com,PL-9616,3113298 PLN,2656700 PLN,-456598 PLN,Pending,true
293,Tarrance,Fernez,tfernez84@51.la,PL-3416,1051425 PLN,4284489 PLN,3233064 PLN,Approved,true
294,Lenka,Witchell,lwitchell85@storify.com,PL-4381,3202599 PLN,711923 PLN,-2490676 PLN,Pending,true
295,Carlo,Strawbridge,cstrawbridge86@wsj.com,PL-7742,748043 PLN,3925947 PLN,3177904 PLN,Approved,false
296,Erl,Dalliwater,edalliwater87@eventbrite.com,PL-2725,4957190 PLN,2026738 PLN,-2930452 PLN,Pending,true
297,Maison,Jurs,mjurs88@blogtalkradio.com,PL-2852,4190646 PLN,2571467 PLN,-1619179 PLN,Pending,false
298,Raul,Jansson,rjansson89@livejournal.com,PL-4077,3127191 PLN,2610616 PLN,-516575 PLN,Pending,true
299,Susy,Heephy,sheephy8a@geocities.com,PL-8280,4511785 PLN,865583 PLN,-3646202 PLN,Pending,true
300,Jeth,Mayhew,jmayhew8b@ebay.com,PL-9282,1848504 PLN,333968 PLN,-1514536 PLN,Pending,true
301,Chane,Simao,csimao8c@clickbank.net,PL-5174,1085727 PLN,1446150 PLN,360423 PLN,Approved,false
302,Kelsi,Soan,ksoan8d@technorati.com,PL-8271,4171010 PLN,4396790 PLN,225780 PLN,Approved,false
303,Baudoin,McCard,bmccard8e@ted.com,PL-9601,3975801 PLN,620571 PLN,-3355230 PLN,Pending,false
304,Kerrill,Bisgrove,kbisgrove8f@csmonitor.com,PL-6297,4125740 PLN,2348055 PLN,-1777685 PLN,Pending,true
305,Creighton,Lockney,clockney8g@ebay.co.uk,PL-1001,2917614 PLN,1884160 PLN,-1033454 PLN,Pending,true
306,Monah,Kitching,mkitching8h@fotki.com,PL-7580,845332 PLN,1592677 PLN,747345 PLN,Approved,false
307,Hakim,Strodder,hstrodder8i@lulu.com,PL-1997,4606126 PLN,1860540 PLN,-2745586 PLN,Pending,false
308,Bevon,Govini,bgovini8j@foxnews.com,PL-3694,1851685 PLN,3309459 PLN,1457774 PLN,Approved,true
309,Karoline,Cabbell,kcabbell8k@cocolog-nifty.com,PL-8538,2785296 PLN,2378503 PLN,-406793 PLN,Pending,false
310,Charlton,Fettiplace,cfettiplace8l@apple.com,PL-1184,2481162 PLN,3449203 PLN,968041 PLN,Approved,false
311,Evyn,Hawlgarth,ehawlgarth8m@eepurl.com,PL-1452,2439142 PLN,1023892 PLN,-1415250 PLN,Pending,true
312,Miran,Haughton,mhaughton8n@google.com.br,PL-3950,2265573 PLN,1191823 PLN,-1073750 PLN,Pending,true
313,Helga,Bartolomivis,hbartolomivis8o@latimes.com,PL-4386,1655429 PLN,2877946 PLN,1222517 PLN,Approved,true
314,Kimmie,Smallman,ksmallman8p@squidoo.com,PL-2951,1081807 PLN,4349465 PLN,3267658 PLN,Approved,true
315,Riordan,Creavan,rcreavan8q@delicious.com,PL-9970,4284189 PLN,1488067 PLN,-2796122 PLN,Pending,false
316,Cleopatra,Golborne,cgolborne8r@tinypic.com,PL-6099,2056992 PLN,1123409 PLN,-933583 PLN,Pending,true
317,Ilse,Havers,ihavers8s@symantec.com,PL-3748,594993 PLN,2089343 PLN,1494350 PLN,Approved,true
318,Hector,Dymick,hdymick8t@ucoz.ru,PL-1429,4416596 PLN,1054928 PLN,-3361668 PLN,Pending,false
319,Edithe,Fildes,efildes8u@usnews.com,PL-6542,437836 PLN,4207787 PLN,3769951 PLN,Approved,false
320,Joelynn,Euplate,jeuplate8v@hc360.com,PL-2926,3606432 PLN,916040 PLN,-2690392 PLN,Pending,false
321,Juliana,Grayston,jgrayston8w@vkontakte.ru,PL-1435,362759 PLN,2624695 PLN,2261936 PLN,Approved,true
322,Lelia,d'Arcy,ldarcy8x@whitehouse.gov,PL-4614,864776 PLN,1401961 PLN,537185 PLN,Approved,false
323,Osmund,Lotte,olotte8y@ucoz.ru,PL-5800,935694 PLN,876238 PLN,-59456 PLN,Pending,false
324,Rhys,Benninger,rbenninger8z@chicagotribune.com,PL-4558,1857563 PLN,1662871 PLN,-194692 PLN,Pending,true
325,Conn,Gillham,cgillham90@posterous.com,PL-8720,2593752 PLN,3124218 PLN,530466 PLN,Approved,false
326,Howey,Laise,hlaise91@who.int,PL-4001,2893127 PLN,2137344 PLN,-755783 PLN,Pending,true
327,Torie,Jorez,tjorez92@ifeng.com,PL-8008,2787632 PLN,701138 PLN,-2086494 PLN,Pending,false
328,Rikki,Vashchenko,rvashchenko93@ebay.co.uk,PL-8394,2569403 PLN,1914106 PLN,-655297 PLN,Pending,false
329,Felicio,Brands,fbrands94@comcast.net,PL-2397,1882821 PLN,3235598 PLN,1352777 PLN,Approved,false
330,Gladi,Buller,gbuller95@intel.com,PL-1296,4679387 PLN,409107 PLN,-4270280 PLN,Pending,false
331,Murray,Martinetto,mmartinetto96@usgs.gov,PL-1143,2606815 PLN,2536220 PLN,-70595 PLN,Pending,true
332,Shurlocke,Varden,svarden97@tuttocitta.it,PL-1249,4643126 PLN,3543023 PLN,-1100103 PLN,Pending,false
333,Corabelle,Heather,cheather98@google.com.hk,PL-7206,4307522 PLN,980714 PLN,-3326808 PLN,Pending,false
334,Shela,Bailiss,sbailiss99@cargocollective.com,PL-5781,1174299 PLN,3262596 PLN,2088297 PLN,Approved,false
335,Gillian,Kolodziejski,gkolodziejski9a@walmart.com,PL-4839,4948124 PLN,489338 PLN,-4458786 PLN,Pending,false
336,Malcolm,Peddel,mpeddel9b@is.gd,PL-5186,153402 PLN,4379341 PLN,4225939 PLN,Approved,false
337,Neille,Manjot,nmanjot9c@scribd.com,PL-4978,4977117 PLN,1294907 PLN,-3682210 PLN,Pending,true
338,Irwin,Cassedy,icassedy9d@storify.com,PL-3587,4661813 PLN,1828284 PLN,-2833529 PLN,Pending,false
339,Galina,Capeling,gcapeling9e@wikimedia.org,PL-9279,4851220 PLN,3194852 PLN,-1656368 PLN,Pending,true
340,Rochester,Barttrum,rbarttrum9f@newyorker.com,PL-7093,2611293 PLN,507726 PLN,-2103567 PLN,Pending,true
341,Isobel,O'Corrigane,iocorrigane9g@salon.com,PL-3017,4518094 PLN,4005117 PLN,-512977 PLN,Pending,true
342,Duane,Ferre,dferre9h@ftc.gov,PL-9405,1118225 PLN,1432815 PLN,314590 PLN,Approved,true
343,Saundra,Seago,sseago9i@chronoengine.com,PL-1340,3501794 PLN,1651386 PLN,-1850408 PLN,Pending,true
344,Kristal,Gaine,kgaine9j@webs.com,PL-8759,2787895 PLN,3306462 PLN,518567 PLN,Approved,false
345,Ranice,Perrot,rperrot9k@google.co.uk,PL-1808,2774081 PLN,1555357 PLN,-1218724 PLN,Pending,true
346,Jackqueline,Stockwell,jstockwell9l@angelfire.com,PL-1633,3658291 PLN,2509182 PLN,-1149109 PLN,Pending,false
347,Quentin,Scotchmor,qscotchmor9m@mapy.cz,PL-6510,1361600 PLN,773923 PLN,-587677 PLN,Pending,true
348,Mina,Foulds,mfoulds9n@bloomberg.com,PL-2467,4856027 PLN,2240504 PLN,-2615523 PLN,Pending,true
349,Roxane,Rawlings,rrawlings9o@europa.eu,PL-5161,4330340 PLN,1706554 PLN,-2623786 PLN,Pending,false
350,Lynelle,Bruton,lbruton9p@chicagotribune.com,PL-4777,684617 PLN,1667982 PLN,983365 PLN,Approved,true
351,Becka,Venn,bvenn9q@state.tx.us,PL-8176,1690154 PLN,1900392 PLN,210238 PLN,Approved,false
352,Zenia,Walkowski,zwalkowski9r@ocn.ne.jp,PL-5825,1347713 PLN,3486498 PLN,2138785 PLN,Approved,true
353,Cozmo,Jeaffreson,cjeaffreson9s@cyberchimps.com,PL-2083,4628631 PLN,3710432 PLN,-918199 PLN,Pending,false
354,Barbabas,Camoys,bcamoys9t@wunderground.com,PL-8175,2431082 PLN,1773560 PLN,-657522 PLN,Pending,false
355,Maressa,Old,mold9u@myspace.com,PL-3912,1073506 PLN,940177 PLN,-133329 PLN,Pending,true
356,Donall,Lurriman,dlurriman9v@shutterfly.com,PL-6760,2271211 PLN,2213472 PLN,-57739 PLN,Pending,false
357,Aigneis,Dye,adye9w@sfgate.com,PL-9401,3824491 PLN,1032336 PLN,-2792155 PLN,Pending,false
358,Marlee,Manchett,mmanchett9x@digg.com,PL-9313,2145673 PLN,1733319 PLN,-412354 PLN,Pending,false
359,Alvis,Rolley,arolley9y@ocn.ne.jp,PL-4755,3566666 PLN,1429413 PLN,-2137253 PLN,Pending,true
360,Parke,Ungerechts,pungerechts9z@vimeo.com,PL-7385,1537707 PLN,4365641 PLN,2827934 PLN,Approved,true
361,Fawn,Trytsman,ftrytsmana0@whitehouse.gov,PL-9821,1367745 PLN,823480 PLN,-544265 PLN,Pending,false
362,Dallas,Flye,dflyea1@shutterfly.com,PL-9426,2806720 PLN,2818826 PLN,12106 PLN,Approved,false
363,Grayce,Tamlett,gtamletta2@theatlantic.com,PL-8678,3844036 PLN,840240 PLN,-3003796 PLN,Pending,false
364,Winfred,Helks,whelksa3@instagram.com,PL-5388,4328601 PLN,2560423 PLN,-1768178 PLN,Pending,false
365,Lucille,Allewell,lallewella4@springer.com,PL-8114,2585159 PLN,1623008 PLN,-962151 PLN,Pending,false
366,Fey,Garn,fgarna5@lycos.com,PL-3537,116914 PLN,3562762 PLN,3445848 PLN,Approved,false
367,Fawn,Kitteman,fkittemana6@mayoclinic.com,PL-5988,2778426 PLN,3702080 PLN,923654 PLN,Approved,true
368,Peadar,Olenikov,polenikova7@accuweather.com,PL-9263,4008814 PLN,2997906 PLN,-1010908 PLN,Pending,false
369,Gilbertina,Littlekit,glittlekita8@ibm.com,PL-1687,2569482 PLN,1863562 PLN,-705920 PLN,Pending,false
370,Haleigh,Chasemoore,hchasemoorea9@youtu.be,PL-9300,958779 PLN,1849223 PLN,890444 PLN,Approved,true
371,Hansiain,Fonte,hfonteaa@altervista.org,PL-5264,4894198 PLN,1703615 PLN,-3190583 PLN,Pending,false
372,Vittorio,Bianco,vbiancoab@hostgator.com,PL-3975,1155851 PLN,2834067 PLN,1678216 PLN,Approved,true
373,Donovan,Newick,dnewickac@mapquest.com,PL-4861,3835633 PLN,1749596 PLN,-2086037 PLN,Pending,true
374,Jefferson,Frankling,jfranklingad@bandcamp.com,PL-2341,3247800 PLN,2143473 PLN,-1104327 PLN,Pending,true
375,Laurence,Gilyott,lgilyottae@ft.com,PL-9146,806328 PLN,4061796 PLN,3255468 PLN,Approved,false
376,Weston,Adey,wadeyaf@woothemes.com,PL-4371,98079 PLN,1314243 PLN,1216164 PLN,Approved,false
377,Minor,Timoney,mtimoneyag@biglobe.ne.jp,PL-4052,2343710 PLN,2934175 PLN,590465 PLN,Approved,true
378,Jana,Scrivenor,jscrivenorah@globo.com,PL-3240,2050492 PLN,144834 PLN,-1905658 PLN,Pending,false
379,Clari,Antonich,cantonichai@macromedia.com,PL-8793,2689971 PLN,1297958 PLN,-1392013 PLN,Pending,true
380,Neddie,Risbridge,nrisbridgeaj@i2i.jp,PL-8559,1503281 PLN,959334 PLN,-543947 PLN,Pending,true
381,Francoise,Sparks,fsparksak@cafepress.com,PL-7604,1135718 PLN,2585738 PLN,1450020 PLN,Approved,true
382,Gusta,Kahler,gkahleral@lulu.com,PL-2834,2988738 PLN,2302224 PLN,-686514 PLN,Pending,true
383,Tiler,Axcell,taxcellam@miitbeian.gov.cn,PL-2102,3431881 PLN,2596727 PLN,-835154 PLN,Pending,false
384,Pascal,Poff,ppoffan@telegraph.co.uk,PL-5903,4047039 PLN,791898 PLN,-3255141 PLN,Pending,true
385,Shermie,Kondratyuk,skondratyukao@scribd.com,PL-3494,153849 PLN,2033034 PLN,1879185 PLN,Approved,true
386,Cathrin,Paule,cpauleap@lulu.com,PL-6832,2424082 PLN,4427213 PLN,2003131 PLN,Approved,false
387,Kristofor,Jodlkowski,kjodlkowskiaq@scientificamerican.com,PL-9078,2597625 PLN,1703860 PLN,-893765 PLN,Pending,false
388,Ruperto,Murfett,rmurfettar@sakura.ne.jp,PL-5726,1411387 PLN,3048800 PLN,1637413 PLN,Approved,true
389,Ilyse,Merrell,imerrellas@dedecms.com,PL-6952,1553072 PLN,827134 PLN,-725938 PLN,Pending,false
390,Noland,Northbridge,nnorthbridgeat@baidu.com,PL-4255,1352562 PLN,689757 PLN,-662805 PLN,Pending,false
391,Andeee,MacKnocker,amacknockerau@hp.com,PL-2797,3288314 PLN,844291 PLN,-2444023 PLN,Pending,false
392,Udale,Tredwell,utredwellav@tripod.com,PL-6751,528515 PLN,4115007 PLN,3586492 PLN,Approved,false
393,Prent,Lyston,plystonaw@pcworld.com,PL-8210,2012866 PLN,3881749 PLN,1868883 PLN,Approved,false
394,Nara,Gunderson,ngundersonax@drupal.org,PL-4366,1694924 PLN,1381034 PLN,-313890 PLN,Pending,false
395,Ruperto,Shapera,rshaperaay@disqus.com,PL-4273,3909989 PLN,4280484 PLN,370495 PLN,Approved,false
396,Skylar,Celiz,scelizaz@ow.ly,PL-5071,3270783 PLN,2435453 PLN,-835330 PLN,Pending,false
397,Jilleen,Shiliton,jshilitonb0@utexas.edu,PL-3436,1358259 PLN,3782886 PLN,2424627 PLN,Approved,false
398,Sandi,Neat,sneatb1@oaic.gov.au,PL-6275,3310440 PLN,685934 PLN,-2624506 PLN,Pending,true
399,Dominga,Hunday,dhundayb2@twitter.com,PL-9667,1437252 PLN,1438715 PLN,1463 PLN,Approved,false
400,Marysa,Maseres,mmaseresb3@tumblr.com,PL-9035,1264799 PLN,2561458 PLN,1296659 PLN,Approved,true
401,Ingunna,Sprouls,isproulsb4@nyu.edu,PL-8824,3006208 PLN,2898821 PLN,-107387 PLN,Pending,false
402,Benyamin,Ravel,bravelb5@unblog.fr,PL-4397,2555166 PLN,490086 PLN,-2065080 PLN,Pending,false
403,Delmer,Guiso,dguisob6@photobucket.com,PL-2783,765242 PLN,2031559 PLN,1266317 PLN,Approved,true
404,Vinny,Sexty,vsextyb7@123-reg.co.uk,PL-2460,4905448 PLN,42289 PLN,-4863159 PLN,Pending,false
405,Denice,Passby,dpassbyb8@elpais.com,PL-7863,86859 PLN,2133920 PLN,2047061 PLN,Approved,true
406,Michal,Samber,msamberb9@fastcompany.com,PL-8636,1403987 PLN,904738 PLN,-499249 PLN,Pending,true
407,Philbert,Hayland,phaylandba@newyorker.com,PL-9688,2757271 PLN,3047289 PLN,290018 PLN,Approved,true
408,Ronna,Chessel,rchesselbb@alexa.com,PL-5636,2352339 PLN,4101050 PLN,1748711 PLN,Approved,false
409,Annnora,Pasby,apasbybc@phpbb.com,PL-8171,983722 PLN,3133895 PLN,2150173 PLN,Approved,false
410,Domini,Moore,dmoorebd@wp.com,PL-3536,3003251 PLN,4109049 PLN,1105798 PLN,Approved,false
411,Craggy,Jordin,cjordinbe@mit.edu,PL-5647,928332 PLN,1542823 PLN,614491 PLN,Approved,false
412,Hymie,Wolsey,hwolseybf@blogtalkradio.com,PL-7706,2951178 PLN,718544 PLN,-2232634 PLN,Pending,false
413,Arleyne,Sundin,asundinbg@usatoday.com,PL-8505,2591066 PLN,468113 PLN,-2122953 PLN,Pending,false
414,Daryle,Godrich,dgodrichbh@digg.com,PL-3164,3752252 PLN,2126548 PLN,-1625704 PLN,Pending,true
415,Alejandra,Plose,aplosebi@icio.us,PL-4460,1414258 PLN,945005 PLN,-469253 PLN,Pending,true
416,Lindsay,Spadaro,lspadarobj@youtu.be,PL-6213,1899366 PLN,1016994 PLN,-882372 PLN,Pending,false
417,Van,Lawford,vlawfordbk@huffingtonpost.com,PL-6139,1175903 PLN,1821748 PLN,645845 PLN,Approved,true
418,Giacomo,Durbin,gdurbinbl@pagesperso-orange.fr,PL-8229,501369 PLN,315349 PLN,-186020 PLN,Pending,false
419,Ron,Davydochkin,rdavydochkinbm@altervista.org,PL-2846,79818 PLN,2432249 PLN,2352431 PLN,Approved,false
420,Dame,Stobbie,dstobbiebn@delicious.com,PL-7210,1349917 PLN,4196249 PLN,2846332 PLN,Approved,true
421,Alice,Larrie,alarriebo@netvibes.com,PL-6196,2081257 PLN,2288173 PLN,206916 PLN,Approved,true
422,Elana,Cockshot,ecockshotbp@elpais.com,PL-6062,4953707 PLN,1350872 PLN,-3602835 PLN,Pending,false
423,Lanny,Furzey,lfurzeybq@springer.com,PL-5232,1680867 PLN,2452261 PLN,771394 PLN,Approved,true
424,Jermaine,Lawrenceson,jlawrencesonbr@plala.or.jp,PL-1501,1005479 PLN,1298187 PLN,292708 PLN,Approved,true
425,Sindee,Munnings,smunningsbs@edublogs.org,PL-7708,2520428 PLN,2104298 PLN,-416130 PLN,Pending,false
426,Brocky,Edgerly,bedgerlybt@google.nl,PL-5374,2281957 PLN,3719939 PLN,1437982 PLN,Approved,true
427,Clarie,Oneal,conealbu@so-net.ne.jp,PL-7420,3763845 PLN,2205999 PLN,-1557846 PLN,Pending,false
428,Catina,Armer,carmerbv@mtv.com,PL-4335,3841263 PLN,742540 PLN,-3098723 PLN,Pending,true
429,Jonie,Niland,jnilandbw@virginia.edu,PL-3212,2659526 PLN,2647453 PLN,-12073 PLN,Pending,true
430,Jemmy,Lumsdale,jlumsdalebx@ehow.com,PL-1520,191802 PLN,3134042 PLN,2942240 PLN,Approved,true
431,Reamonn,Boyfield,rboyfieldby@adobe.com,PL-1578,4239218 PLN,3661009 PLN,-578209 PLN,Pending,true
432,Pamelina,Ormerod,pormerodbz@tripadvisor.com,PL-6908,2620370 PLN,601122 PLN,-2019248 PLN,Pending,true
433,Huntlee,Beasley,hbeasleyc0@woothemes.com,PL-6180,3791001 PLN,1127253 PLN,-2663748 PLN,Pending,true
434,Joseph,Caustick,jcaustickc1@businessinsider.com,PL-5774,3379725 PLN,3520417 PLN,140692 PLN,Approved,false
435,Sascha,Hauxwell,shauxwellc2@theguardian.com,PL-4794,634724 PLN,1186721 PLN,551997 PLN,Approved,false
436,Curtice,Crombleholme,ccrombleholmec3@cdc.gov,PL-6088,1009028 PLN,606804 PLN,-402224 PLN,Pending,false
437,Barbara,Andreou,bandreouc4@nymag.com,PL-4006,490115 PLN,710607 PLN,220492 PLN,Approved,false
438,Valerye,Rizzillo,vrizzilloc5@webnode.com,PL-1927,201750 PLN,1888057 PLN,1686307 PLN,Approved,false
439,Ruthann,Bishell,rbishellc6@go.com,PL-7835,3324031 PLN,4421792 PLN,1097761 PLN,Approved,false
440,Donalt,Strank,dstrankc7@facebook.com,PL-4780,1208542 PLN,4466696 PLN,3258154 PLN,Approved,true
441,Larine,Carding,lcardingc8@blinklist.com,PL-1532,3391562 PLN,1896318 PLN,-1495244 PLN,Pending,false
442,Ruttger,Sommerton,rsommertonc9@sciencedaily.com,PL-2244,2065456 PLN,4110327 PLN,2044871 PLN,Approved,true
443,Winnah,Legerton,wlegertonca@gravatar.com,PL-6649,3203607 PLN,3731546 PLN,527939 PLN,Approved,true
444,Denny,Skokoe,dskokoecb@google.fr,PL-8542,2432461 PLN,1739090 PLN,-693371 PLN,Pending,true
445,Karlik,Foxton,kfoxtoncc@yellowbook.com,PL-8216,4775718 PLN,4439091 PLN,-336627 PLN,Pending,true
446,Joachim,Eck,jeckcd@live.com,PL-9801,3707254 PLN,211183 PLN,-3496071 PLN,Pending,false
447,Upton,Tampion,utampionce@shinystat.com,PL-2851,79798 PLN,1776105 PLN,1696307 PLN,Approved,true
448,Esther,Grasha,egrashacf@a8.net,PL-5895,819677 PLN,1778732 PLN,959055 PLN,Approved,true
449,Yolane,Mattiussi,ymattiussicg@google.nl,PL-7416,1292750 PLN,2539146 PLN,1246396 PLN,Approved,false
450,Dean,MattiCCI,dmatticcich@usnews.com,PL-9047,4477231 PLN,627273 PLN,-3849958 PLN,Pending,false
451,Nicolea,Leither,nleitherci@japanpost.jp,PL-3398,839003 PLN,141220 PLN,-697783 PLN,Pending,true
452,Gabriell,Brizell,gbrizellcj@php.net,PL-5125,3560089 PLN,2602828 PLN,-957261 PLN,Pending,false
453,Melisse,Bangs,mbangsck@ebay.co.uk,PL-9884,733657 PLN,94622 PLN,-639035 PLN,Pending,true
454,Bertram,Kabos,bkaboscl@census.gov,PL-2735,4004658 PLN,801152 PLN,-3203506 PLN,Pending,true
455,Yorker,Darmody,ydarmodycm@naver.com,PL-7296,1378188 PLN,2867371 PLN,1489183 PLN,Approved,true
456,Bo,Wallwood,bwallwoodcn@weather.com,PL-3610,2567223 PLN,543689 PLN,-2023534 PLN,Pending,false
457,Nomi,Stobie,nstobieco@about.me,PL-7064,2979756 PLN,1913265 PLN,-1066491 PLN,Pending,false
458,Natty,Mostyn,nmostyncp@elegantthemes.com,PL-6472,2838196 PLN,4466314 PLN,1628118 PLN,Approved,true
459,Duane,Assur,dassurcq@domainmarket.com,PL-1698,4400989 PLN,3770087 PLN,-630902 PLN,Pending,true
460,Calli,Babon,cbaboncr@mlb.com,PL-7550,4960769 PLN,3854739 PLN,-1106030 PLN,Pending,false
461,Giulia,Danels,gdanelscs@disqus.com,PL-5546,3683071 PLN,3730016 PLN,46945 PLN,Approved,true
462,Bernelle,Earnshaw,bearnshawct@mayoclinic.com,PL-2365,660956 PLN,431401 PLN,-229555 PLN,Pending,false
463,Vivien,Serck,vserckcu@mapquest.com,PL-9578,4225818 PLN,2527231 PLN,-1698587 PLN,Pending,true
464,Scottie,Curnnokk,scurnnokkcv@yahoo.co.jp,PL-9114,1725204 PLN,387811 PLN,-1337393 PLN,Pending,false
465,Lamar,Chisman,lchismancw@narod.ru,PL-8545,1527678 PLN,2035984 PLN,508306 PLN,Approved,false
466,Urbano,Clemence,uclemencecx@vimeo.com,PL-1552,2360757 PLN,976151 PLN,-1384606 PLN,Pending,false
467,Chick,Speachley,cspeachleycy@ucoz.com,PL-2828,496502 PLN,1289469 PLN,792967 PLN,Approved,true
468,Alejoa,Jiroutka,ajiroutkacz@free.fr,PL-9510,4750100 PLN,318865 PLN,-4431235 PLN,Pending,false
469,Huey,Ovey,hoveyd0@ovh.net,PL-2903,279756 PLN,4112097 PLN,3832341 PLN,Approved,false
470,Hermon,Scole,hscoled1@google.com.br,PL-9505,941528 PLN,4428794 PLN,3487266 PLN,Approved,false
471,Ardene,Knott,aknottd2@mozilla.org,PL-1992,2688739 PLN,3348805 PLN,660066 PLN,Approved,true
472,Larine,Joppich,ljoppichd3@yolasite.com,PL-7404,3107989 PLN,4343188 PLN,1235199 PLN,Approved,true
473,Ole,Lockhart,olockhartd4@washington.edu,PL-6155,4719184 PLN,316482 PLN,-4402702 PLN,Pending,false
474,Arabelle,Balmforth,abalmforthd5@utexas.edu,PL-9971,1360416 PLN,91144 PLN,-1269272 PLN,Pending,false
475,Jerrilyn,Rozalski,jrozalskid6@accuweather.com,PL-1612,1601129 PLN,1112143 PLN,-488986 PLN,Pending,false
476,Sorcha,Newling,snewlingd7@freewebs.com,PL-8465,1880430 PLN,2442013 PLN,561583 PLN,Approved,true
477,Dulcine,Prestedge,dprestedged8@icq.com,PL-7928,3176528 PLN,3759368 PLN,582840 PLN,Approved,true
478,Hi,Yakobowitch,hyakobowitchd9@house.gov,PL-1279,4677174 PLN,1710572 PLN,-2966602 PLN,Pending,true
479,Lira,Casetti,lcasettida@go.com,PL-9971,3154418 PLN,2338724 PLN,-815694 PLN,Pending,false
480,Bel,McCallum,bmccallumdb@acquirethisname.com,PL-6861,1699576 PLN,2771948 PLN,1072372 PLN,Approved,true
481,Rosalinda,Pawlett,rpawlettdc@mozilla.org,PL-8058,4007824 PLN,1168430 PLN,-2839394 PLN,Pending,true
482,Jeddy,Sambedge,jsambedgedd@upenn.edu,PL-4770,1223750 PLN,3828580 PLN,2604830 PLN,Approved,true
483,Rori,Myrtle,rmyrtlede@deviantart.com,PL-5160,2212673 PLN,278941 PLN,-1933732 PLN,Pending,true
484,Leia,Challenor,lchallenordf@dailymail.co.uk,PL-8775,2150395 PLN,2827181 PLN,676786 PLN,Approved,true
485,Curry,Layus,clayusdg@umn.edu,PL-1291,1885162 PLN,4075589 PLN,2190427 PLN,Approved,true
486,Dosi,Helliar,dhelliardh@bloglovin.com,PL-4380,3746741 PLN,4245215 PLN,498474 PLN,Approved,true
487,Merry,Lemmer,mlemmerdi@jigsy.com,PL-2549,1793878 PLN,314058 PLN,-1479820 PLN,Pending,false
488,Danella,MacGray,dmacgraydj@lycos.com,PL-8228,1848205 PLN,1575561 PLN,-272644 PLN,Pending,false
489,Hedwig,Passie,hpassiedk@google.nl,PL-8519,2823054 PLN,62193 PLN,-2760861 PLN,Pending,true
490,Kellina,Arnfield,karnfielddl@booking.com,PL-8963,2656489 PLN,3462741 PLN,806252 PLN,Approved,true
491,Jareb,Purseglove,jpurseglovedm@businessinsider.com,PL-1170,352682 PLN,2447169 PLN,2094487 PLN,Approved,true
492,Kariotta,Greenlies,kgreenliesdn@jigsy.com,PL-8717,4213225 PLN,3486743 PLN,-726482 PLN,Pending,false
493,Rhetta,Bradock,rbradockdo@prnewswire.com,PL-1384,3357940 PLN,1650546 PLN,-1707394 PLN,Pending,false
494,Ivette,Cockroft,icockroftdp@desdev.cn,PL-6090,1078756 PLN,139449 PLN,-939307 PLN,Pending,false
495,Bernetta,Sebire,bsebiredq@yahoo.co.jp,PL-4365,535151 PLN,2927706 PLN,2392555 PLN,Approved,true
496,Ileana,Coushe,icoushedr@dropbox.com,PL-4364,1103975 PLN,362628 PLN,-741347 PLN,Pending,true
497,Janetta,Ornils,jornilsds@nbcnews.com,PL-5681,1066117 PLN,454687 PLN,-611430 PLN,Pending,true
498,Dannye,Rickcord,drickcorddt@themeforest.net,PL-8170,3613542 PLN,2275959 PLN,-1337583 PLN,Pending,true
499,Leela,Pender,lpenderdu@google.co.uk,PL-3282,2879797 PLN,3088831 PLN,209034 PLN,Approved,false
500,Alec,Laviste,alavistedv@is.gd,PL-9876,2009550 PLN,1393278 PLN,-616272 PLN,Pending,true
501,Dorella,Ratnage,dratnagedw@free.fr,PL-1809,3567822 PLN,1064198 PLN,-2503624 PLN,Pending,false
502,Margarette,Reeman,mreemandx@imgur.com,PL-2193,2789841 PLN,4326504 PLN,1536663 PLN,Approved,false
503,Ellette,Coath,ecoathdy@reuters.com,PL-2088,2843805 PLN,2823963 PLN,-19842 PLN,Pending,false
504,Allegra,Maplesden,amaplesdendz@prlog.org,PL-8763,1972253 PLN,4283054 PLN,2310801 PLN,Approved,false
505,Betsy,Hawking,bhawkinge0@fotki.com,PL-4396,774349 PLN,3210372 PLN,2436023 PLN,Approved,true
506,Retha,Scough,rscoughe1@acquirethisname.com,PL-1580,1497616 PLN,3325862 PLN,1828246 PLN,Approved,true
507,Jaine,MacDavitt,jmacdavitte2@reddit.com,PL-2189,2530651 PLN,2322705 PLN,-207946 PLN,Pending,false
508,Patton,De Bischof,pdebischofe3@yolasite.com,PL-4187,2145910 PLN,1824858 PLN,-321052 PLN,Pending,true
509,Vicky,Stanney,vstanneye4@pcworld.com,PL-5629,1163949 PLN,1314491 PLN,150542 PLN,Approved,true
510,Batholomew,Mellish,bmellishe5@vkontakte.ru,PL-7168,4327574 PLN,2689205 PLN,-1638369 PLN,Pending,false
511,Del,Grover,dgrovere6@etsy.com,PL-1329,3152163 PLN,2872492 PLN,-279671 PLN,Pending,true
512,Langston,Burkitt,lburkitte7@skype.com,PL-2976,1597648 PLN,1631157 PLN,33509 PLN,Approved,false
513,Tonie,Moscrop,tmoscrope8@geocities.com,PL-5724,657363 PLN,838049 PLN,180686 PLN,Approved,true
514,Ham,Haulkham,hhaulkhame9@creativecommons.org,PL-8573,2607643 PLN,3521251 PLN,913608 PLN,Approved,true
515,Kirstin,Ciobutaru,kciobutaruea@youku.com,PL-9596,3286459 PLN,2410051 PLN,-876408 PLN,Pending,true
516,Arlina,Nabbs,anabbseb@cloudflare.com,PL-3796,2166888 PLN,3103236 PLN,936348 PLN,Approved,true
517,Sylvan,Yerrington,syerringtonec@linkedin.com,PL-7070,777040 PLN,4028633 PLN,3251593 PLN,Approved,false
518,Jake,Montacute,jmontacuteed@go.com,PL-1674,2744264 PLN,1576266 PLN,-1167998 PLN,Pending,true
519,Farlay,Kubat,fkubatee@soundcloud.com,PL-6139,4917181 PLN,1659018 PLN,-3258163 PLN,Pending,false
520,Galina,Giordano,ggiordanoef@fda.gov,PL-4258,3499536 PLN,2446009 PLN,-1053527 PLN,Pending,true
521,Kalina,Binden,kbindeneg@tiny.cc,PL-9458,391685 PLN,508788 PLN,117103 PLN,Approved,false
522,Breena,Redgate,bredgateeh@amazon.co.uk,PL-9629,3342160 PLN,3736758 PLN,394598 PLN,Approved,true
523,Pedro,O'Regan,poreganei@huffingtonpost.com,PL-6223,4840735 PLN,3614457 PLN,-1226278 PLN,Pending,false
524,Currie,Python,cpythonej@un.org,PL-8881,2385876 PLN,3574069 PLN,1188193 PLN,Approved,false
525,Zsazsa,Kniveton,zknivetonek@google.fr,PL-4769,50461 PLN,3562586 PLN,3512125 PLN,Approved,false
526,Thalia,Feilden,tfeildenel@i2i.jp,PL-4157,2536531 PLN,868536 PLN,-1667995 PLN,Pending,true
527,Ebenezer,Skews,eskewsem@newyorker.com,PL-9785,3524476 PLN,3971897 PLN,447421 PLN,Approved,false
528,Toddy,Fooks,tfooksen@walmart.com,PL-5999,1664382 PLN,4378483 PLN,2714101 PLN,Approved,true
529,Blanca,Tonn,btonneo@cafepress.com,PL-6020,209048 PLN,1402758 PLN,1193710 PLN,Approved,true
530,Dorie,Sydney,dsydneyep@tmall.com,PL-4533,4322673 PLN,4489739 PLN,167066 PLN,Approved,true
531,Dorthy,Millward,dmillwardeq@hp.com,PL-1745,2992895 PLN,3745323 PLN,752428 PLN,Approved,true
532,Chick,Mewett,cmewetter@phoca.cz,PL-6090,4192331 PLN,3687208 PLN,-505123 PLN,Pending,true
533,Walliw,Braidford,wbraidfordes@tripadvisor.com,PL-2233,3133216 PLN,4480608 PLN,1347392 PLN,Approved,false
534,Iorgos,Nobles,inobleset@paginegialle.it,PL-7755,4929770 PLN,1220907 PLN,-3708863 PLN,Pending,true
535,Murray,Mallabar,mmallabareu@boston.com,PL-3722,2816642 PLN,441249 PLN,-2375393 PLN,Pending,true
536,Tobi,Sproston,tsprostonev@google.com.au,PL-9811,3398010 PLN,2048170 PLN,-1349840 PLN,Pending,true
537,Minetta,Kilmaster,mkilmasterew@woothemes.com,PL-5640,4350235 PLN,2378490 PLN,-1971745 PLN,Pending,true
538,Brittani,Bosomworth,bbosomworthex@cloudflare.com,PL-4910,284986 PLN,402948 PLN,117962 PLN,Approved,true
539,Isis,Rymmer,irymmerey@over-blog.com,PL-2693,4236906 PLN,3925298 PLN,-311608 PLN,Pending,true
540,Cordell,Wraith,cwraithez@webs.com,PL-3247,1689442 PLN,3407691 PLN,1718249 PLN,Approved,true
541,Geri,Bottom,gbottomf0@yelp.com,PL-7553,1089233 PLN,3486497 PLN,2397264 PLN,Approved,false
542,Blayne,Thomann,bthomannf1@nps.gov,PL-3139,3722804 PLN,4191539 PLN,468735 PLN,Approved,true
543,Simeon,Miroy,smiroyf2@furl.net,PL-3675,2562287 PLN,4056822 PLN,1494535 PLN,Approved,false
544,Giraldo,O'Hannigan,gohanniganf3@kickstarter.com,PL-5231,2319368 PLN,1585348 PLN,-734020 PLN,Pending,true
545,Janka,Twinbrow,jtwinbrowf4@alexa.com,PL-2293,2347955 PLN,932045 PLN,-1415910 PLN,Pending,false
546,Yance,Bourthouloume,ybourthouloumef5@businesswire.com,PL-1595,1217452 PLN,3434273 PLN,2216821 PLN,Approved,false
547,Olivia,Jaggli,ojagglif6@alibaba.com,PL-7747,2596075 PLN,1186078 PLN,-1409997 PLN,Pending,true
548,Arvin,Mattholie,amattholief7@nytimes.com,PL-4986,2955736 PLN,2362633 PLN,-593103 PLN,Pending,true
549,Fields,Benettini,fbenettinif8@creativecommons.org,PL-1080,4995052 PLN,2919788 PLN,-2075264 PLN,Pending,true
550,Dante,Rimer,drimerf9@ehow.com,PL-9404,4081767 PLN,1087259 PLN,-2994508 PLN,Pending,false
551,Alisun,Vasenkov,avasenkovfa@princeton.edu,PL-9970,1182850 PLN,3777272 PLN,2594422 PLN,Approved,true
552,Penny,Threadgould,pthreadgouldfb@examiner.com,PL-4357,1270780 PLN,2212678 PLN,941898 PLN,Approved,false
553,Dawn,Abotson,dabotsonfc@salon.com,PL-6404,3603732 PLN,786926 PLN,-2816806 PLN,Pending,true
554,Rebekah,Ahlf,rahlffd@wsj.com,PL-7970,258475 PLN,3216437 PLN,2957962 PLN,Approved,false
555,Sybila,Allone,sallonefe@cnn.com,PL-1693,3213262 PLN,3026953 PLN,-186309 PLN,Pending,false
556,Jody,McCandless,jmccandlessff@blogger.com,PL-5333,1727620 PLN,3000932 PLN,1273312 PLN,Approved,true
557,L;urette,Keenor,lkeenorfg@ehow.com,PL-4749,241569 PLN,1789429 PLN,1547860 PLN,Approved,false
558,Kylynn,Billie,kbilliefh@hp.com,PL-3723,2039960 PLN,3815584 PLN,1775624 PLN,Approved,false
559,Cary,Bouzan,cbouzanfi@flavors.me,PL-6058,2730106 PLN,2899506 PLN,169400 PLN,Approved,true
560,Bevon,Cino,bcinofj@hp.com,PL-4971,1666626 PLN,102321 PLN,-1564305 PLN,Pending,true
561,Sansone,Straun,sstraunfk@freewebs.com,PL-8953,162726 PLN,2973704 PLN,2810978 PLN,Approved,true
562,Dolley,Schellig,dschelligfl@paginegialle.it,PL-3376,4723666 PLN,3470033 PLN,-1253633 PLN,Pending,false
563,Emmalynn,Dimmock,edimmockfm@boston.com,PL-7124,2005639 PLN,1265480 PLN,-740159 PLN,Pending,true
564,Earle,Chainey,echaineyfn@accuweather.com,PL-1034,4183230 PLN,2789552 PLN,-1393678 PLN,Pending,false
565,Astrix,Rosenwasser,arosenwasserfo@skype.com,PL-7057,633554 PLN,912777 PLN,279223 PLN,Approved,false
566,Olivette,Ales,oalesfp@google.co.uk,PL-4923,1643675 PLN,677816 PLN,-965859 PLN,Pending,false
567,Alidia,Lukacs,alukacsfq@wix.com,PL-5929,2648961 PLN,961612 PLN,-1687349 PLN,Pending,false
568,Basia,Jorger,bjorgerfr@jiathis.com,PL-1186,656831 PLN,2083289 PLN,1426458 PLN,Approved,false
569,Hershel,Howson,hhowsonfs@un.org,PL-1884,936101 PLN,1047409 PLN,111308 PLN,Approved,true
570,Trumaine,Brothers,tbrothersft@pinterest.com,PL-2956,4249474 PLN,547036 PLN,-3702438 PLN,Pending,false
571,Ash,Blunsden,ablunsdenfu@umn.edu,PL-7671,1399018 PLN,2078973 PLN,679955 PLN,Approved,true
572,Ninon,Durtnal,ndurtnalfv@domainmarket.com,PL-1421,340923 PLN,1814580 PLN,1473657 PLN,Approved,false
573,Drew,Alvarado,dalvaradofw@networksolutions.com,PL-2542,1749561 PLN,2791143 PLN,1041582 PLN,Approved,false
574,Nicolle,Lorant,nlorantfx@latimes.com,PL-8012,164343 PLN,4350169 PLN,4185826 PLN,Approved,true
575,Barn,Cockaday,bcockadayfy@google.es,PL-6326,2972990 PLN,1485010 PLN,-1487980 PLN,Pending,false
576,Merle,Bronot,mbronotfz@cbslocal.com,PL-5450,3272216 PLN,1740047 PLN,-1532169 PLN,Pending,true
577,Clayton,Hedger,chedgerg0@technorati.com,PL-7391,2289367 PLN,2983464 PLN,694097 PLN,Approved,true
578,Barbabas,Pattrick,bpattrickg1@rakuten.co.jp,PL-9802,2710500 PLN,282716 PLN,-2427784 PLN,Pending,true
579,Letitia,Kennet,lkennetg2@tiny.cc,PL-1763,2113280 PLN,132081 PLN,-1981199 PLN,Pending,true
580,Annis,Dabs,adabsg3@etsy.com,PL-1106,3092146 PLN,1879804 PLN,-1212342 PLN,Pending,true
581,Leila,Wastell,lwastellg4@goo.gl,PL-3196,1673410 PLN,1608642 PLN,-64768 PLN,Pending,false
582,Christal,Poat,cpoatg5@ameblo.jp,PL-9056,1206646 PLN,1794799 PLN,588153 PLN,Approved,false
583,Faythe,Ricciardiello,fricciardiellog6@example.com,PL-6181,4792387 PLN,649615 PLN,-4142772 PLN,Pending,false
584,Ashil,Middlehurst,amiddlehurstg7@theatlantic.com,PL-2865,4270462 PLN,4310674 PLN,40212 PLN,Approved,false
585,Natalie,Hillock,nhillockg8@ihg.com,PL-4103,3888446 PLN,461918 PLN,-3426528 PLN,Pending,false
586,Loise,Absolon,labsolong9@narod.ru,PL-7416,2352198 PLN,1486634 PLN,-865564 PLN,Pending,false
587,Efrem,Drewe,edrewega@ucoz.ru,PL-3769,2923794 PLN,3940883 PLN,1017089 PLN,Approved,false
588,Effie,Toffanini,etoffaninigb@narod.ru,PL-8815,4985338 PLN,550888 PLN,-4434450 PLN,Pending,true
589,Sande,Macknish,smacknishgc@zimbio.com,PL-3970,3246979 PLN,1336466 PLN,-1910513 PLN,Pending,true
590,Agustin,Parkyn,aparkyngd@state.gov,PL-2556,1208944 PLN,1530753 PLN,321809 PLN,Approved,false
591,Binny,Lamport,blamportge@wordpress.com,PL-1094,1523365 PLN,442513 PLN,-1080852 PLN,Pending,false
592,Sisile,Sharper,ssharpergf@examiner.com,PL-1407,1296279 PLN,1694363 PLN,398084 PLN,Approved,false
593,Marley,O' Flaherty,moflahertygg@instagram.com,PL-3821,4996252 PLN,1679478 PLN,-3316774 PLN,Pending,false
594,Pacorro,Marmyon,pmarmyongh@creativecommons.org,PL-7332,4420012 PLN,1787738 PLN,-2632274 PLN,Pending,true
595,Rodrigo,Paolino,rpaolinogi@irs.gov,PL-8373,4334813 PLN,1635877 PLN,-2698936 PLN,Pending,true
596,Cristabel,Alban,calbangj@sphinn.com,PL-5536,3933063 PLN,2820785 PLN,-1112278 PLN,Pending,true
597,Julina,Garnson,jgarnsongk@cmu.edu,PL-4200,4766558 PLN,1917225 PLN,-2849333 PLN,Pending,false
598,Lori,Coare,lcoaregl@yelp.com,PL-1613,4902964 PLN,1978459 PLN,-2924505 PLN,Pending,false
599,Saul,Rodgerson,srodgersongm@independent.co.uk,PL-4250,128661 PLN,345512 PLN,216851 PLN,Approved,false
600,Randene,Lafond,rlafondgn@vkontakte.ru,PL-5108,2510773 PLN,3506141 PLN,995368 PLN,Approved,true
601,Eldredge,Giacubbo,egiacubbogo@bandcamp.com,PL-5668,4211274 PLN,640480 PLN,-3570794 PLN,Pending,true
602,William,Kabisch,wkabischgp@csmonitor.com,PL-1335,480944 PLN,2193685 PLN,1712741 PLN,Approved,true
603,Rebeka,Ivakhin,rivakhingq@google.nl,PL-5961,3350212 PLN,247939 PLN,-3102273 PLN,Pending,true
604,Chery,Edwardson,cedwardsongr@indiegogo.com,PL-5319,2075673 PLN,828133 PLN,-1247540 PLN,Pending,true
605,Abran,Armor,aarmorgs@4shared.com,PL-6554,1865541 PLN,1158941 PLN,-706600 PLN,Pending,false
606,Quintana,Antao,qantaogt@google.de,PL-7830,4892985 PLN,2062439 PLN,-2830546 PLN,Pending,false
607,Frasier,Alliston,fallistongu@hud.gov,PL-7537,1578807 PLN,3097842 PLN,1519035 PLN,Approved,true
608,Rosie,Willingale,rwillingalegv@163.com,PL-5934,3993106 PLN,605718 PLN,-3387388 PLN,Pending,true
609,Tara,Edis,tedisgw@patch.com,PL-4964,1821101 PLN,4238556 PLN,2417455 PLN,Approved,false
610,Lillis,Jacobowitz,ljacobowitzgx@china.com.cn,PL-5143,108571 PLN,3386180 PLN,3277609 PLN,Approved,false
611,Regina,Stansbie,rstansbiegy@privacy.gov.au,PL-4958,3803244 PLN,243880 PLN,-3559364 PLN,Pending,false
612,Monah,Metson,mmetsongz@hugedomains.com,PL-6469,3933130 PLN,3497400 PLN,-435730 PLN,Pending,false
613,Danell,Castle,dcastleh0@goodreads.com,PL-9515,1930503 PLN,320943 PLN,-1609560 PLN,Pending,false
614,Fowler,Rableau,frableauh1@go.com,PL-6115,1469787 PLN,1733893 PLN,264106 PLN,Approved,false
615,Dory,Shord,dshordh2@nytimes.com,PL-4056,2662646 PLN,90217 PLN,-2572429 PLN,Pending,false
616,North,Volonte,nvolonteh3@apple.com,PL-6718,4830220 PLN,2251603 PLN,-2578617 PLN,Pending,true
617,Keefe,Abelov,kabelovh4@nbcnews.com,PL-4742,2978104 PLN,1917492 PLN,-1060612 PLN,Pending,false
618,Silvain,Lemmers,slemmersh5@upenn.edu,PL-4531,4379611 PLN,3564694 PLN,-814917 PLN,Pending,false
619,Harmon,Maun,hmaunh6@dropbox.com,PL-6024,1912922 PLN,940760 PLN,-972162 PLN,Pending,false
620,Hirsch,Gower,hgowerh7@google.pl,PL-6338,4305117 PLN,110510 PLN,-4194607 PLN,Pending,true
621,Leticia,Raymond,lraymondh8@wiley.com,PL-1069,3713024 PLN,3439525 PLN,-273499 PLN,Pending,true
622,Jeni,Leeb,jleebh9@washingtonpost.com,PL-5074,2829532 PLN,1875063 PLN,-954469 PLN,Pending,true
623,Garwood,Major,gmajorha@wunderground.com,PL-2280,50271 PLN,561688 PLN,511417 PLN,Approved,false
624,Mandel,Bodega,mbodegahb@phpbb.com,PL-6098,3961336 PLN,4495409 PLN,534073 PLN,Approved,false
625,Yorgos,Geikie,ygeikiehc@youtube.com,PL-5680,1519166 PLN,1394377 PLN,-124789 PLN,Pending,true
626,Brod,Battista,bbattistahd@alexa.com,PL-7591,3451688 PLN,4418884 PLN,967196 PLN,Approved,false
627,Maurits,Leirmonth,mleirmonthhe@tuttocitta.it,PL-1105,4110916 PLN,2802406 PLN,-1308510 PLN,Pending,false
628,Kathye,Blowfield,kblowfieldhf@rediff.com,PL-2561,1317939 PLN,3612909 PLN,2294970 PLN,Approved,true
629,Evangelina,Owens,eowenshg@tmall.com,PL-9506,1084778 PLN,279438 PLN,-805340 PLN,Pending,true
630,Danella,Kamen,dkamenhh@yahoo.co.jp,PL-5422,3418358 PLN,414125 PLN,-3004233 PLN,Pending,false
631,Mikkel,Kellett,mkelletthi@godaddy.com,PL-9112,518671 PLN,1049846 PLN,531175 PLN,Approved,false
632,Sybil,Phelan,sphelanhj@hexun.com,PL-9758,2330540 PLN,3414972 PLN,1084432 PLN,Approved,false
633,Matt,Trulocke,mtrulockehk@ca.gov,PL-5557,2160370 PLN,1607844 PLN,-552526 PLN,Pending,true
634,Eveleen,Mitie,emitiehl@fema.gov,PL-9482,1517709 PLN,1176410 PLN,-341299 PLN,Pending,false
635,Carlyle,Jacobbe,cjacobbehm@shutterfly.com,PL-2218,3383604 PLN,3406247 PLN,22643 PLN,Approved,true
636,Dela,Bes,dbeshn@cargocollective.com,PL-1006,3877616 PLN,2473920 PLN,-1403696 PLN,Pending,false
637,Bertine,Antoszewski,bantoszewskiho@stumbleupon.com,PL-8497,2750368 PLN,4350895 PLN,1600527 PLN,Approved,false
638,Theodora,Keech,tkeechhp@pbs.org,PL-4858,884985 PLN,1088049 PLN,203064 PLN,Approved,false
639,Mame,Pateman,mpatemanhq@hud.gov,PL-9931,2833129 PLN,2239036 PLN,-594093 PLN,Pending,false
640,Maurits,Meriot,mmeriothr@oakley.com,PL-6161,4832141 PLN,3602570 PLN,-1229571 PLN,Pending,false
641,Madonna,Nicklinson,mnicklinsonhs@hud.gov,PL-4488,21012 PLN,180685 PLN,159673 PLN,Approved,true
642,Frankie,Alliot,falliotht@joomla.org,PL-9548,2977329 PLN,212601 PLN,-2764728 PLN,Pending,true
643,Dredi,Ehrat,dehrathu@sitemeter.com,PL-7111,2612365 PLN,2871453 PLN,259088 PLN,Approved,false
644,Talbert,Collip,tcolliphv@1und1.de,PL-7075,1954774 PLN,478307 PLN,-1476467 PLN,Pending,true
645,Annabal,Pley,apleyhw@sogou.com,PL-7060,1653376 PLN,3611295 PLN,1957919 PLN,Approved,true
646,Early,Roly,erolyhx@posterous.com,PL-6253,572884 PLN,1404461 PLN,831577 PLN,Approved,false
647,Jerry,Edinborough,jedinboroughhy@mozilla.com,PL-3829,4721562 PLN,3729377 PLN,-992185 PLN,Pending,true
648,Ragnar,Osant,rosanthz@unicef.org,PL-9989,2180726 PLN,1702381 PLN,-478345 PLN,Pending,false
649,Blithe,Capitano,bcapitanoi0@imgur.com,PL-1734,916277 PLN,2127762 PLN,1211485 PLN,Approved,true
650,Lorri,Bednell,lbednelli1@huffingtonpost.com,PL-1840,2649784 PLN,1643734 PLN,-1006050 PLN,Pending,true
651,Edin,D'eathe,edeathei2@dagondesign.com,PL-3004,3504345 PLN,3760902 PLN,256557 PLN,Approved,false
652,Fawnia,Summerlee,fsummerleei3@bing.com,PL-6487,3616068 PLN,3969776 PLN,353708 PLN,Approved,false
653,Rube,Jurges,rjurgesi4@google.ca,PL-2629,868235 PLN,3188240 PLN,2320005 PLN,Approved,false
654,Gil,Bonhomme,gbonhommei5@eepurl.com,PL-2621,382306 PLN,3241438 PLN,2859132 PLN,Approved,false
655,Stewart,Hullot,shulloti6@columbia.edu,PL-3418,471057 PLN,1988300 PLN,1517243 PLN,Approved,false
656,Dasie,Philps,dphilpsi7@engadget.com,PL-4084,2579561 PLN,583552 PLN,-1996009 PLN,Pending,true
657,Bjorn,Constantinou,bconstantinoui8@dagondesign.com,PL-1193,3590143 PLN,3159617 PLN,-430526 PLN,Pending,true
658,Fred,Daton,fdatoni9@imdb.com,PL-6593,4172623 PLN,1944728 PLN,-2227895 PLN,Pending,false
659,Myrtie,Ingilson,mingilsonia@moonfruit.com,PL-3674,2893604 PLN,289140 PLN,-2604464 PLN,Pending,true
660,Audrie,Bennellick,abennellickib@bloglines.com,PL-5447,2553400 PLN,3925778 PLN,1372378 PLN,Approved,false
661,Jamison,Pummell,jpummellic@latimes.com,PL-7571,2243641 PLN,2134947 PLN,-108694 PLN,Pending,false
662,Wendy,Smye,wsmyeid@surveymonkey.com,PL-7718,2227062 PLN,3672802 PLN,1445740 PLN,Approved,true
663,Connor,Covill,ccovillie@youku.com,PL-6191,2148416 PLN,4213205 PLN,2064789 PLN,Approved,true
664,Frazer,Cockings,fcockingsif@census.gov,PL-2600,3276606 PLN,965538 PLN,-2311068 PLN,Pending,false
665,Pierrette,Mulgrew,pmulgrewig@soundcloud.com,PL-2402,457172 PLN,3196961 PLN,2739789 PLN,Approved,false
666,Yasmeen,Simmonett,ysimmonettih@icq.com,PL-6350,2870285 PLN,3483163 PLN,612878 PLN,Approved,true
667,Gunther,Raynor,graynorii@techcrunch.com,PL-7635,4377987 PLN,2796897 PLN,-1581090 PLN,Pending,false
668,Ericka,Clues,ecluesij@multiply.com,PL-5001,615616 PLN,415202 PLN,-200414 PLN,Pending,false
669,Lev,Titchener,ltitchenerik@t.co,PL-5996,3471033 PLN,4107752 PLN,636719 PLN,Approved,false
670,Genna,Swinfon,gswinfonil@dailymail.co.uk,PL-3350,1851414 PLN,3050873 PLN,1199459 PLN,Approved,true
671,Dickie,Clausen-Thue,dclausenthueim@ucsd.edu,PL-5099,544847 PLN,4040991 PLN,3496144 PLN,Approved,false
672,Clarie,Planque,cplanquein@amazon.de,PL-1068,2061232 PLN,2872014 PLN,810782 PLN,Approved,false
673,Anetta,Pettko,apettkoio@tiny.cc,PL-1638,4347648 PLN,2692241 PLN,-1655407 PLN,Pending,false
674,Junina,Akers,jakersip@msu.edu,PL-9749,1418899 PLN,3232540 PLN,1813641 PLN,Approved,true
675,Erick,Gozney,egozneyiq@bloglovin.com,PL-4906,788964 PLN,2397282 PLN,1608318 PLN,Approved,false
676,Jerome,Grelak,jgrelakir@phoca.cz,PL-5360,262020 PLN,4103066 PLN,3841046 PLN,Approved,true
677,Bron,Malinowski,bmalinowskiis@ocn.ne.jp,PL-1665,1701831 PLN,1835039 PLN,133208 PLN,Approved,true
678,Lanny,Yaakov,lyaakovit@theglobeandmail.com,PL-2926,2132933 PLN,765942 PLN,-1366991 PLN,Pending,true
679,Callean,Manns,cmannsiu@mail.ru,PL-3914,2469157 PLN,3769975 PLN,1300818 PLN,Approved,true
680,Chevy,Goymer,cgoymeriv@tmall.com,PL-8554,4674774 PLN,4273176 PLN,-401598 PLN,Pending,false
681,Walliw,Sissens,wsissensiw@livejournal.com,PL-2292,285104 PLN,2628944 PLN,2343840 PLN,Approved,true
682,Curt,Harsnipe,charsnipeix@list-manage.com,PL-7195,888983 PLN,797048 PLN,-91935 PLN,Pending,true
683,Karlis,Doogue,kdoogueiy@tumblr.com,PL-2551,1243216 PLN,1504136 PLN,260920 PLN,Approved,true
684,Kayle,Grassett,kgrassettiz@guardian.co.uk,PL-8781,1761804 PLN,1545397 PLN,-216407 PLN,Pending,true
685,Faydra,Torbeck,ftorbeckj0@plala.or.jp,PL-1217,2794175 PLN,2406414 PLN,-387761 PLN,Pending,false
686,Norrie,Henri,nhenrij1@google.ru,PL-3243,3946866 PLN,2490231 PLN,-1456635 PLN,Pending,false
687,Hollis,Lissett,hlissettj2@linkedin.com,PL-8234,125518 PLN,2272569 PLN,2147051 PLN,Approved,true
688,Sandi,Spooner,sspoonerj3@unblog.fr,PL-8601,4636137 PLN,3886665 PLN,-749472 PLN,Pending,true
689,Danella,Bleythin,dbleythinj4@hp.com,PL-4518,4316775 PLN,1446708 PLN,-2870067 PLN,Pending,false
690,Goldia,Danniel,gdannielj5@360.cn,PL-5694,1718177 PLN,304118 PLN,-1414059 PLN,Pending,true
691,Lexie,Alman,lalmanj6@1und1.de,PL-3956,1766001 PLN,2009177 PLN,243176 PLN,Approved,true
692,Constancy,Wetherick,cwetherickj7@webeden.co.uk,PL-1553,2757049 PLN,721290 PLN,-2035759 PLN,Pending,false
693,Rhodia,Schwandt,rschwandtj8@bandcamp.com,PL-8450,1242545 PLN,3254833 PLN,2012288 PLN,Approved,true
694,Noah,Tertre,ntertrej9@canalblog.com,PL-6239,4815697 PLN,2763376 PLN,-2052321 PLN,Pending,true
695,Giffer,Housego,ghousegoja@slideshare.net,PL-8644,2064849 PLN,3221570 PLN,1156721 PLN,Approved,false
696,Harmon,Keenlayside,hkeenlaysidejb@icq.com,PL-7559,2033185 PLN,3129170 PLN,1095985 PLN,Approved,false
697,Danella,McFadden,dmcfaddenjc@cdc.gov,PL-5617,549978 PLN,3144904 PLN,2594926 PLN,Approved,false
698,Sophey,Nealy,snealyjd@uiuc.edu,PL-4220,3017840 PLN,2937554 PLN,-80286 PLN,Pending,false
699,Napoleon,Armatidge,narmatidgeje@delicious.com,PL-2922,108197 PLN,1669238 PLN,1561041 PLN,Approved,true
700,Allie,Gostage,agostagejf@goodreads.com,PL-1195,1033743 PLN,2772238 PLN,1738495 PLN,Approved,false
701,Thatch,Dreinan,tdreinanjg@boston.com,PL-6851,1514025 PLN,4134365 PLN,2620340 PLN,Approved,true
702,Rodina,Stelljes,rstelljesjh@multiply.com,PL-6910,4256490 PLN,2418020 PLN,-1838470 PLN,Pending,false
703,Frank,Jankin,fjankinji@networksolutions.com,PL-7962,1088897 PLN,2189489 PLN,1100592 PLN,Approved,false
704,Lloyd,Keach,lkeachjj@adobe.com,PL-1799,4993567 PLN,4203437 PLN,-790130 PLN,Pending,false
705,Selle,Thurling,sthurlingjk@nydailynews.com,PL-6435,1302783 PLN,1197783 PLN,-105000 PLN,Pending,false
706,Aidan,Mylechreest,amylechreestjl@mit.edu,PL-4910,3794449 PLN,2412512 PLN,-1381937 PLN,Pending,false
707,Imogen,Dorricott,idorricottjm@admin.ch,PL-9895,3782762 PLN,932480 PLN,-2850282 PLN,Pending,false
708,Etta,Spearett,espearettjn@techcrunch.com,PL-6964,3440462 PLN,3551236 PLN,110774 PLN,Approved,true
709,Meggie,Skoate,mskoatejo@weibo.com,PL-7311,2098458 PLN,570964 PLN,-1527494 PLN,Pending,false
710,Rooney,Gotmann,rgotmannjp@gravatar.com,PL-7129,3771031 PLN,2734721 PLN,-1036310 PLN,Pending,true
711,Mohammed,Rowena,mrowenajq@mail.ru,PL-1248,4275421 PLN,1317909 PLN,-2957512 PLN,Pending,false
712,Helaine,Skerratt,hskerrattjr@mozilla.com,PL-9885,3513729 PLN,3714460 PLN,200731 PLN,Approved,true
713,Christophe,Braben,cbrabenjs@dailymail.co.uk,PL-1218,2889888 PLN,1674961 PLN,-1214927 PLN,Pending,false
714,Vicky,Longridge,vlongridgejt@hud.gov,PL-5406,394396 PLN,2297533 PLN,1903137 PLN,Approved,false
715,Andi,Spragg,aspraggju@whitehouse.gov,PL-4595,1017811 PLN,867536 PLN,-150275 PLN,Pending,true
716,Aldin,Edgars,aedgarsjv@newsvine.com,PL-6245,2396834 PLN,4364069 PLN,1967235 PLN,Approved,false
717,Idalia,Gridon,igridonjw@chronoengine.com,PL-5683,1112713 PLN,3375234 PLN,2262521 PLN,Approved,true
718,Carie,Fisk,cfiskjx@comcast.net,PL-2821,1691609 PLN,2088915 PLN,397306 PLN,Approved,false
719,Adrian,Chesterton,achestertonjy@rediff.com,PL-1960,777571 PLN,1201747 PLN,424176 PLN,Approved,true
720,Lorrayne,Rolfini,lrolfinijz@mozilla.org,PL-9991,4267429 PLN,3998218 PLN,-269211 PLN,Pending,false
721,Buffy,Woof,bwoofk0@chron.com,PL-3996,1068755 PLN,778077 PLN,-290678 PLN,Pending,false
722,Blancha,Attew,battewk1@tinyurl.com,PL-6473,2839607 PLN,2197012 PLN,-642595 PLN,Pending,false
723,Karon,Yemm,kyemmk2@gmpg.org,PL-2627,189252 PLN,1379457 PLN,1190205 PLN,Approved,false
724,Bartholomew,Bamling,bbamlingk3@spiegel.de,PL-9352,4740251 PLN,2966080 PLN,-1774171 PLN,Pending,true
725,Gilberto,Maidlow,gmaidlowk4@wsj.com,PL-6983,3954964 PLN,1375030 PLN,-2579934 PLN,Pending,false
726,Tadd,Crambie,tcrambiek5@amazon.co.jp,PL-1665,1444592 PLN,4315654 PLN,2871062 PLN,Approved,false
727,Eward,Hub,ehubk6@ucoz.ru,PL-7265,4376438 PLN,2078560 PLN,-2297878 PLN,Pending,true
728,Bertrando,Feld,bfeldk7@cbc.ca,PL-8650,4973393 PLN,480582 PLN,-4492811 PLN,Pending,false
729,Yettie,Ruffles,yrufflesk8@abc.net.au,PL-2195,1164114 PLN,4457569 PLN,3293455 PLN,Approved,true
730,Betsy,Tuxill,btuxillk9@unesco.org,PL-9031,2156242 PLN,1316248 PLN,-839994 PLN,Pending,false
731,Merrily,Mixter,mmixterka@businessinsider.com,PL-9964,2651036 PLN,2742297 PLN,91261 PLN,Approved,true
732,Vanessa,Ksandra,vksandrakb@prnewswire.com,PL-2891,736176 PLN,3121860 PLN,2385684 PLN,Approved,false
733,Pierson,Rraundl,prraundlkc@cargocollective.com,PL-3841,2515811 PLN,4488768 PLN,1972957 PLN,Approved,false
734,Wendi,Brabbs,wbrabbskd@live.com,PL-5912,4775751 PLN,1574046 PLN,-3201705 PLN,Pending,false
735,Tedda,Florez,tflorezke@studiopress.com,PL-2690,3087568 PLN,3826510 PLN,738942 PLN,Approved,true
736,Craggie,MacClure,cmacclurekf@msn.com,PL-6561,319797 PLN,761672 PLN,441875 PLN,Approved,true
737,Andria,Izzett,aizzettkg@quantcast.com,PL-8010,2776253 PLN,1964775 PLN,-811478 PLN,Pending,true
738,Rona,Chicchetto,rchicchettokh@seesaa.net,PL-4341,1050146 PLN,2129835 PLN,1079689 PLN,Approved,false
739,Yul,Withrop,ywithropki@nih.gov,PL-8652,1259953 PLN,3807398 PLN,2547445 PLN,Approved,false
740,Haydon,Derington,hderingtonkj@ftc.gov,PL-3877,1681430 PLN,1604485 PLN,-76945 PLN,Pending,false
741,Adore,Spencook,aspencookkk@sitemeter.com,PL-7980,1622250 PLN,915132 PLN,-707118 PLN,Pending,false
742,Ferdinande,Jahnisch,fjahnischkl@prnewswire.com,PL-8806,4871512 PLN,2839328 PLN,-2032184 PLN,Pending,true
743,Jodie,Castano,jcastanokm@unc.edu,PL-6776,443344 PLN,496122 PLN,52778 PLN,Approved,false
744,Andros,MacGillespie,amacgillespiekn@prnewswire.com,PL-2141,433765 PLN,1821769 PLN,1388004 PLN,Approved,true
745,Deerdre,Applegate,dapplegateko@gmpg.org,PL-5940,481295 PLN,1187721 PLN,706426 PLN,Approved,true
746,Obadias,Francesconi,ofrancesconikp@indiegogo.com,PL-9046,1851260 PLN,4250350 PLN,2399090 PLN,Approved,true
747,Rafe,Byard,rbyardkq@artisteer.com,PL-9573,3931194 PLN,1322095 PLN,-2609099 PLN,Pending,false
748,Ranna,Filipchikov,rfilipchikovkr@meetup.com,PL-2448,4965248 PLN,2354089 PLN,-2611159 PLN,Pending,false
749,Vivi,Woodthorpe,vwoodthorpeks@un.org,PL-8626,887901 PLN,3106796 PLN,2218895 PLN,Approved,false
750,Eustace,Windrass,ewindrasskt@theatlantic.com,PL-7412,3108514 PLN,2443337 PLN,-665177 PLN,Pending,true
751,Devora,Hovard,dhovardku@geocities.com,PL-4377,3891669 PLN,3608709 PLN,-282960 PLN,Pending,false
752,Maegan,Valentin,mvalentinkv@tuttocitta.it,PL-8424,3503325 PLN,4335404 PLN,832079 PLN,Approved,true
753,Way,Edy,wedykw@google.de,PL-7458,567528 PLN,89172 PLN,-478356 PLN,Pending,false
754,Dore,Wyllie,dwylliekx@surveymonkey.com,PL-7293,358096 PLN,2160781 PLN,1802685 PLN,Approved,false
755,Opalina,Tejada,otejadaky@ftc.gov,PL-3717,3795313 PLN,4224686 PLN,429373 PLN,Approved,false
756,Rina,Wigfall,rwigfallkz@freewebs.com,PL-3781,3743508 PLN,1912814 PLN,-1830694 PLN,Pending,true
757,Garry,Learie,gleariel0@opera.com,PL-7680,2106433 PLN,528295 PLN,-1578138 PLN,Pending,true
758,Cassie,Philo,cphilol1@godaddy.com,PL-3157,4452094 PLN,2613128 PLN,-1838966 PLN,Pending,true
759,Clarance,Ivanyushkin,civanyushkinl2@ning.com,PL-3564,3534440 PLN,2712862 PLN,-821578 PLN,Pending,false
760,Marlin,Bruckmann,mbruckmannl3@wikimedia.org,PL-1613,4487708 PLN,3728172 PLN,-759536 PLN,Pending,false
761,Ilario,Bellord,ibellordl4@oaic.gov.au,PL-1583,1352590 PLN,2720942 PLN,1368352 PLN,Approved,false
762,Tracie,Worsnop,tworsnopl5@goo.gl,PL-1592,3350328 PLN,4196330 PLN,846002 PLN,Approved,true
763,Gennie,Bowring,gbowringl6@networkadvertising.org,PL-7935,3887142 PLN,1253020 PLN,-2634122 PLN,Pending,true
764,Miranda,Kynsey,mkynseyl7@edublogs.org,PL-9950,4757401 PLN,3636738 PLN,-1120663 PLN,Pending,false
765,Ingemar,Aguirrezabala,iaguirrezabalal8@scientificamerican.com,PL-3889,599327 PLN,604262 PLN,4935 PLN,Approved,true
766,Duke,Cattrell,dcattrelll9@blogspot.com,PL-8445,3246256 PLN,3524492 PLN,278236 PLN,Approved,true
767,Fredericka,Josovitz,fjosovitzla@arstechnica.com,PL-6974,4329673 PLN,1141115 PLN,-3188558 PLN,Pending,false
768,Flore,Yakubovics,fyakubovicslb@merriam-webster.com,PL-2233,2051630 PLN,2125310 PLN,73680 PLN,Approved,true
769,Brander,Stede,bstedelc@answers.com,PL-2566,3522134 PLN,1319903 PLN,-2202231 PLN,Pending,false
770,Babara,Antosik,bantosikld@sbwire.com,PL-8835,217154 PLN,4191393 PLN,3974239 PLN,Approved,false
771,Vaclav,Rockingham,vrockinghamle@newsvine.com,PL-1819,4715883 PLN,3021527 PLN,-1694356 PLN,Pending,true
772,Herold,Prene,hprenelf@time.com,PL-7827,61954 PLN,2748781 PLN,2686827 PLN,Approved,true
773,Grady,Venediktov,gvenediktovlg@wired.com,PL-8582,4283888 PLN,653346 PLN,-3630542 PLN,Pending,true
774,Der,Campos,dcamposlh@oakley.com,PL-3329,2755187 PLN,3410232 PLN,655045 PLN,Approved,false
775,Lucais,Guntrip,lguntripli@clickbank.net,PL-1535,3941961 PLN,3959228 PLN,17267 PLN,Approved,true
776,Pieter,Rule,prulelj@nifty.com,PL-7163,3202067 PLN,42542 PLN,-3159525 PLN,Pending,true
777,Fancie,Haryngton,fharyngtonlk@seattletimes.com,PL-5986,143173 PLN,1230257 PLN,1087084 PLN,Approved,false
778,Lottie,Adriaan,ladriaanll@behance.net,PL-1474,2357249 PLN,1762158 PLN,-595091 PLN,Pending,false
779,Tod,Burrow,tburrowlm@ask.com,PL-1299,3024232 PLN,3258585 PLN,234353 PLN,Approved,true
780,Ganny,Blizard,gblizardln@e-recht24.de,PL-7430,4818356 PLN,308256 PLN,-4510100 PLN,Pending,true
781,Pepita,Sawter,psawterlo@tiny.cc,PL-3223,4568136 PLN,4075905 PLN,-492231 PLN,Pending,true
782,Raddy,Welham,rwelhamlp@hubpages.com,PL-7608,950553 PLN,4021042 PLN,3070489 PLN,Approved,false
783,Morey,Lucey,mluceylq@dmoz.org,PL-9698,228332 PLN,4166583 PLN,3938251 PLN,Approved,false
784,Delcina,Meaders,dmeaderslr@cnet.com,PL-1636,4365373 PLN,2201954 PLN,-2163419 PLN,Pending,true
785,Allistir,Pavie,apaviels@opera.com,PL-9257,2271023 PLN,2118987 PLN,-152036 PLN,Pending,false
786,Meridel,Buckston,mbuckstonlt@cyberchimps.com,PL-7135,788117 PLN,2343695 PLN,1555578 PLN,Approved,true
787,Myrtia,Slimmon,mslimmonlu@ox.ac.uk,PL-4562,707564 PLN,1934510 PLN,1226946 PLN,Approved,false
788,Lamond,Woodwing,lwoodwinglv@buzzfeed.com,PL-4648,2018115 PLN,703640 PLN,-1314475 PLN,Pending,false
789,Bernarr,Mottinelli,bmottinellilw@kickstarter.com,PL-3471,4666970 PLN,2591210 PLN,-2075760 PLN,Pending,false
790,Micheline,Boleyn,mboleynlx@nbcnews.com,PL-1313,2986441 PLN,4238363 PLN,1251922 PLN,Approved,false
791,Talia,Waberer,twabererly@hc360.com,PL-2264,4178083 PLN,1449053 PLN,-2729030 PLN,Pending,true
792,Abigael,Smythin,asmythinlz@creativecommons.org,PL-9060,2817588 PLN,3495597 PLN,678009 PLN,Approved,false
793,Stefanie,Turl,sturlm0@opera.com,PL-2555,2227181 PLN,3026839 PLN,799658 PLN,Approved,true
794,Carmelita,Seakin,cseakinm1@linkedin.com,PL-4893,3239465 PLN,964160 PLN,-2275305 PLN,Pending,false
795,Owen,Bavridge,obavridgem2@adobe.com,PL-5480,968556 PLN,3823428 PLN,2854872 PLN,Approved,true
796,Emlen,Bront,ebrontm3@uiuc.edu,PL-5863,4559580 PLN,2850826 PLN,-1708754 PLN,Pending,true
797,Harriet,Rosenhaupt,hrosenhauptm4@instagram.com,PL-7525,2361675 PLN,43269 PLN,-2318406 PLN,Pending,false
798,Westley,Jindracek,wjindracekm5@deviantart.com,PL-9482,943729 PLN,3725524 PLN,2781795 PLN,Approved,true
799,Burlie,Mitrikhin,bmitrikhinm6@harvard.edu,PL-8311,2805930 PLN,1605403 PLN,-1200527 PLN,Pending,false
800,Nannie,Manclark,nmanclarkm7@cisco.com,PL-1823,3521180 PLN,2972977 PLN,-548203 PLN,Pending,false
801,Puff,Heskin,pheskinm8@i2i.jp,PL-1420,4573404 PLN,3266187 PLN,-1307217 PLN,Pending,false
802,Tish,Stannislawski,tstannislawskim9@shareasale.com,PL-6485,1753150 PLN,4289474 PLN,2536324 PLN,Approved,false
803,Celestia,Empleton,cempletonma@umich.edu,PL-3572,2899276 PLN,3510691 PLN,611415 PLN,Approved,true
804,Elnora,Sommersett,esommersettmb@desdev.cn,PL-3291,2732945 PLN,4260419 PLN,1527474 PLN,Approved,true
805,Solomon,Stigger,sstiggermc@livejournal.com,PL-5107,2230250 PLN,4467728 PLN,2237478 PLN,Approved,true
806,Jobyna,Sottell,jsottellmd@yolasite.com,PL-5636,665410 PLN,1659341 PLN,993931 PLN,Approved,true
807,Cal,Jagger,cjaggerme@addtoany.com,PL-7066,2267444 PLN,3564822 PLN,1297378 PLN,Approved,false
808,Wolfy,Sandall,wsandallmf@lycos.com,PL-6958,3711260 PLN,4193535 PLN,482275 PLN,Approved,true
809,Nevil,Newby,nnewbymg@shop-pro.jp,PL-5521,4522676 PLN,2535892 PLN,-1986784 PLN,Pending,true
810,Ysabel,Goathrop,ygoathropmh@ycombinator.com,PL-1419,1897557 PLN,2945647 PLN,1048090 PLN,Approved,true
811,Timmi,Barsham,tbarshammi@discuz.net,PL-1109,4395414 PLN,934994 PLN,-3460420 PLN,Pending,true
812,Brana,Verdon,bverdonmj@feedburner.com,PL-9921,4771761 PLN,493770 PLN,-4277991 PLN,Pending,false
813,Frederich,Learoyd,flearoydmk@marketwatch.com,PL-2070,850897 PLN,4468131 PLN,3617234 PLN,Approved,true
814,Dorry,Foulsham,dfoulshamml@topsy.com,PL-5742,4327012 PLN,1228657 PLN,-3098355 PLN,Pending,true
815,Lamond,Mannock,lmannockmm@people.com.cn,PL-8856,3991803 PLN,3054643 PLN,-937160 PLN,Pending,true
816,Chadd,Juarez,cjuarezmn@yandex.ru,PL-3818,2870854 PLN,2651663 PLN,-219191 PLN,Pending,true
817,Ilaire,Muslim,imuslimmo@jiathis.com,PL-2428,2079947 PLN,131877 PLN,-1948070 PLN,Pending,false
818,Cristina,Ipwell,cipwellmp@bbc.co.uk,PL-2951,4316183 PLN,2473695 PLN,-1842488 PLN,Pending,true
819,Dominica,Severns,dsevernsmq@tmall.com,PL-8124,399293 PLN,2161095 PLN,1761802 PLN,Approved,true
820,Adrian,Hoopper,ahooppermr@over-blog.com,PL-4428,4191590 PLN,3265786 PLN,-925804 PLN,Pending,false
821,Adam,Huttley,ahuttleyms@opera.com,PL-8440,2294524 PLN,2999264 PLN,704740 PLN,Approved,true
822,Rosemonde,Verecker,rvereckermt@walmart.com,PL-5920,4716840 PLN,615194 PLN,-4101646 PLN,Pending,false
823,Babara,Ruppertz,bruppertzmu@nyu.edu,PL-5415,3031413 PLN,3115426 PLN,84013 PLN,Approved,true
824,Ursola,Deshorts,udeshortsmv@admin.ch,PL-6838,4625056 PLN,1286284 PLN,-3338772 PLN,Pending,true
825,Terrel,Flawith,tflawithmw@hatena.ne.jp,PL-6934,1916613 PLN,4443258 PLN,2526645 PLN,Approved,true
826,Kaile,Torbett,ktorbettmx@friendfeed.com,PL-8442,1047789 PLN,3139647 PLN,2091858 PLN,Approved,true
827,Jonathon,Millberg,jmillbergmy@oakley.com,PL-4557,3524837 PLN,2067222 PLN,-1457615 PLN,Pending,true
828,Marna,Iskower,miskowermz@domainmarket.com,PL-8081,50921 PLN,2121093 PLN,2070172 PLN,Approved,true
829,Avery,Neave,aneaven0@elegantthemes.com,PL-2631,797786 PLN,327769 PLN,-470017 PLN,Pending,true
830,Marian,Kleinsinger,mkleinsingern1@reverbnation.com,PL-1461,434470 PLN,2415580 PLN,1981110 PLN,Approved,false
831,Lilith,Younger,lyoungern2@altervista.org,PL-4571,3966626 PLN,495520 PLN,-3471106 PLN,Pending,false
832,Eirena,Sends,esendsn3@cnbc.com,PL-3758,1586705 PLN,68713 PLN,-1517992 PLN,Pending,true
833,Luella,Drohun,ldrohunn4@bigcartel.com,PL-1301,4021616 PLN,1843487 PLN,-2178129 PLN,Pending,false
834,Riane,Warriner,rwarrinern5@wufoo.com,PL-8645,1132384 PLN,851246 PLN,-281138 PLN,Pending,true
835,Jefferey,Snowling,jsnowlingn6@apple.com,PL-1236,76224 PLN,3489469 PLN,3413245 PLN,Approved,true
836,Kelley,Portigall,kportigalln7@cnbc.com,PL-5672,2714606 PLN,305172 PLN,-2409434 PLN,Pending,false
837,Amie,Devers,adeversn8@nifty.com,PL-7071,840088 PLN,2639836 PLN,1799748 PLN,Approved,false
838,Corbin,Ongin,conginn9@amazon.com,PL-8277,4866016 PLN,4195814 PLN,-670202 PLN,Pending,false
839,Reube,Scneider,rscneiderna@reverbnation.com,PL-9959,2269638 PLN,249979 PLN,-2019659 PLN,Pending,false
840,Peggi,Bezley,pbezleynb@msn.com,PL-6062,1127888 PLN,939838 PLN,-188050 PLN,Pending,true
841,Ches,Greensall,cgreensallnc@microsoft.com,PL-8305,979419 PLN,1717053 PLN,737634 PLN,Approved,true
842,Heidi,Finlayson,hfinlaysonnd@nifty.com,PL-7714,555941 PLN,82367 PLN,-473574 PLN,Pending,true
843,Ernestine,Carr,ecarrne@forbes.com,PL-9922,4054506 PLN,1756872 PLN,-2297634 PLN,Pending,true
844,Bertha,Avory,bavorynf@trellian.com,PL-4859,4640913 PLN,3962726 PLN,-678187 PLN,Pending,true
845,Susanetta,Sketh,sskethng@google.com.au,PL-8874,1701867 PLN,3471050 PLN,1769183 PLN,Approved,false
846,Gwyneth,Berntsson,gberntssonnh@loc.gov,PL-1482,2291848 PLN,3514698 PLN,1222850 PLN,Approved,false
847,Brock,Rozanski,brozanskini@spotify.com,PL-5252,3507939 PLN,2125367 PLN,-1382572 PLN,Pending,true
848,Susan,Hallowell,shallowellnj@mayoclinic.com,PL-1054,2879880 PLN,910772 PLN,-1969108 PLN,Pending,false
849,Brade,Benduhn,bbenduhnnk@cdbaby.com,PL-4444,585438 PLN,2326935 PLN,1741497 PLN,Approved,true
850,Gilbertine,Iacovaccio,giacovaccionl@ucoz.com,PL-1007,2097975 PLN,299788 PLN,-1798187 PLN,Pending,true
851,Gaylor,Machel,gmachelnm@ustream.tv,PL-2615,813651 PLN,3385249 PLN,2571598 PLN,Approved,false
852,Shayna,Whalley,swhalleynn@omniture.com,PL-3084,950324 PLN,2718769 PLN,1768445 PLN,Approved,true
853,Allie,Stannus,astannusno@taobao.com,PL-8628,2107851 PLN,3188450 PLN,1080599 PLN,Approved,true
854,Calida,Kenaway,ckenawaynp@ucoz.ru,PL-8935,1314200 PLN,1823701 PLN,509501 PLN,Approved,true
855,Jareb,Goldring,jgoldringnq@over-blog.com,PL-9968,2087251 PLN,3608296 PLN,1521045 PLN,Approved,true
856,Mavra,Ince,mincenr@moonfruit.com,PL-8909,1855855 PLN,4221149 PLN,2365294 PLN,Approved,false
857,Harlie,McLurg,hmclurgns@sina.com.cn,PL-7254,3526104 PLN,1381109 PLN,-2144995 PLN,Pending,false
858,Lynea,McCoy,lmccoynt@digg.com,PL-7315,3346374 PLN,64937 PLN,-3281437 PLN,Pending,true
859,Josiah,Riccard,jriccardnu@admin.ch,PL-8103,1487667 PLN,2232030 PLN,744363 PLN,Approved,true
860,Pandora,Flaxon,pflaxonnv@cnet.com,PL-1003,4299510 PLN,3317841 PLN,-981669 PLN,Pending,true
861,Kylila,Doel,kdoelnw@odnoklassniki.ru,PL-7867,4842873 PLN,1745705 PLN,-3097168 PLN,Pending,false
862,Erastus,Mills,emillsnx@princeton.edu,PL-6061,2126607 PLN,4467577 PLN,2340970 PLN,Approved,false
863,Tadeo,Shine,tshineny@ycombinator.com,PL-9192,1083068 PLN,824226 PLN,-258842 PLN,Pending,false
864,Wanids,Hachard,whachardnz@china.com.cn,PL-5814,1855866 PLN,2452312 PLN,596446 PLN,Approved,false
865,Twyla,Bolitho,tbolithoo0@flavors.me,PL-1624,2113926 PLN,430665 PLN,-1683261 PLN,Pending,true
866,Hanna,Blasl,hblaslo1@apple.com,PL-7589,2313790 PLN,300080 PLN,-2013710 PLN,Pending,true
867,Sadella,Whitfeld,swhitfeldo2@bbc.co.uk,PL-5455,3880516 PLN,4416483 PLN,535967 PLN,Approved,true
868,Beverly,Oyley,boyleyo3@reddit.com,PL-3770,673243 PLN,4018139 PLN,3344896 PLN,Approved,true
869,Thaddeus,Hatchman,thatchmano4@xrea.com,PL-8723,3477669 PLN,1455167 PLN,-2022502 PLN,Pending,true
870,Pearl,Schach,pschacho5@mysql.com,PL-2168,3670092 PLN,1960849 PLN,-1709243 PLN,Pending,true
871,De,Attril,dattrilo6@mayoclinic.com,PL-1762,4314874 PLN,3821110 PLN,-493764 PLN,Pending,false
872,Katharina,Weller,kwellero7@fema.gov,PL-3050,3433651 PLN,3537516 PLN,103865 PLN,Approved,true
873,Lynea,Jekyll,ljekyllo8@europa.eu,PL-7759,1064514 PLN,3459876 PLN,2395362 PLN,Approved,false
874,Glynda,Shapcott,gshapcotto9@hexun.com,PL-6715,1133660 PLN,4444112 PLN,3310452 PLN,Approved,true
875,Ddene,Brandino,dbrandinooa@so-net.ne.jp,PL-9327,2486441 PLN,2656260 PLN,169819 PLN,Approved,false
876,Bobette,Beaconsall,bbeaconsallob@washington.edu,PL-2321,2907784 PLN,2807929 PLN,-99855 PLN,Pending,true
877,Kayley,Edmed,kedmedoc@mtv.com,PL-4142,3404621 PLN,107226 PLN,-3297395 PLN,Pending,true
878,Drake,Valentelli,dvalentelliod@washingtonpost.com,PL-1685,851138 PLN,1665804 PLN,814666 PLN,Approved,false
879,Alonso,Duckels,aduckelsoe@oracle.com,PL-1118,2766745 PLN,3806784 PLN,1040039 PLN,Approved,false
880,Eduardo,Onele,eoneleof@google.com.br,PL-9776,4312649 PLN,2610474 PLN,-1702175 PLN,Pending,false
881,Fredric,Scuse,fscuseog@arizona.edu,PL-6315,911659 PLN,1811842 PLN,900183 PLN,Approved,true
882,Ermina,Pudan,epudanoh@blogs.com,PL-2615,1226407 PLN,89080 PLN,-1137327 PLN,Pending,false
883,Michell,Douberday,mdouberdayoi@abc.net.au,PL-3551,834088 PLN,3664345 PLN,2830257 PLN,Approved,true
884,Anallese,Riddlesden,ariddlesdenoj@constantcontact.com,PL-3466,1793759 PLN,4045839 PLN,2252080 PLN,Approved,true
885,Reggi,Hagard,rhagardok@indiegogo.com,PL-6441,1630930 PLN,354137 PLN,-1276793 PLN,Pending,false
886,Fey,Coll,fcollol@youtu.be,PL-8745,4543075 PLN,394691 PLN,-4148384 PLN,Pending,false
887,Marigold,Capitano,mcapitanoom@mashable.com,PL-9986,4769403 PLN,2239754 PLN,-2529649 PLN,Pending,true
888,Matty,Wort,mworton@wp.com,PL-9621,3838283 PLN,1707595 PLN,-2130688 PLN,Pending,true
889,Shara,Eeles,seelesoo@chicagotribune.com,PL-9585,594211 PLN,1452803 PLN,858592 PLN,Approved,false
890,Korie,Cess,kcessop@china.com.cn,PL-7899,2678669 PLN,3954507 PLN,1275838 PLN,Approved,true
891,Elli,Vinton,evintonoq@nymag.com,PL-1930,2654270 PLN,2049747 PLN,-604523 PLN,Pending,false
892,Conant,Binny,cbinnyor@twitpic.com,PL-3005,3231752 PLN,606570 PLN,-2625182 PLN,Pending,true
893,Dyanna,Portugal,dportugalos@bloglovin.com,PL-6246,2826131 PLN,3067431 PLN,241300 PLN,Approved,true
894,Tucky,Kovnot,tkovnotot@sitemeter.com,PL-5315,318662 PLN,3246166 PLN,2927504 PLN,Approved,true
895,Anderson,Poncet,aponcetou@a8.net,PL-6643,515809 PLN,2135922 PLN,1620113 PLN,Approved,false
896,Midge,Delbergue,mdelbergueov@economist.com,PL-8701,2324091 PLN,4384783 PLN,2060692 PLN,Approved,false
897,Daphna,Neeve,dneeveow@mapquest.com,PL-6021,4834856 PLN,2955661 PLN,-1879195 PLN,Pending,false
898,Eilis,Coulling,ecoullingox@chronoengine.com,PL-5144,251775 PLN,1341246 PLN,1089471 PLN,Approved,true
899,Georgianna,Kenealy,gkenealyoy@slate.com,PL-5240,3299494 PLN,2630555 PLN,-668939 PLN,Pending,false
900,Leora,Hughson,lhughsonoz@redcross.org,PL-5568,2839068 PLN,3685152 PLN,846084 PLN,Approved,true
